username,author id,created,text,retwc,hashtag,followers,friends,polarity,subjectivity
TempoyakBusuk,487756615,2021-01-06 13:17:34,RT @PresidenKopi: 41 Maling... https://t.co/vUQpF2BClE,356,None,704,218,0.0,0.0
Stempel_DUNGU,1312367832722669570,2021-01-06 13:16:21,RT @PresidenKopi: 41 Maling... https://t.co/vUQpF2BClE,356,None,43,84,0.0,0.0
jokowi,2943170988,2021-01-06 13:15:44,CoinAwesome is one-click tipping ANY website. I love it.  #giveaway AZ8wQNetzYDwDMzwCTtdeSHbEj2SBqzia7,0,giveaway,11,9,0.5,0.6
Aldo RamaputraüáÆüá©,1195639689480245248,2021-01-06 13:12:04,"No better partners than my Japanese counterparts FMs @moteging . Japan is Country advance &amp;strong. 
especially a fe... https://t.co/OCfnWseKFQ",0,None,193,2621,-0.08333333333333333,0.5
ORANG_SISA_SISA,744348885036863488,2021-01-06 13:09:29,RT @PresidenKopi: 41 Maling... https://t.co/vUQpF2BClE,356,None,277,615,0.0,0.0
Dharmasurya,1295326685244448773,2021-01-06 13:09:23,RT @PresidenKopi: 41 Maling... https://t.co/vUQpF2BClE,356,None,177,521,0.0,0.0
Syafrizal,1926389684,2021-01-06 13:08:45,RT @PresidenKopi: 41 Maling... https://t.co/vUQpF2BClE,356,None,971,859,0.0,0.0
Ihsan,1227275550080688128,2021-01-06 13:08:37,RT @PresidenKopi: 41 Maling... https://t.co/vUQpF2BClE,356,None,96,320,0.0,0.0
Diding,2481602298,2021-01-06 13:08:22,RT @PresidenKopi: 41 Maling... https://t.co/vUQpF2BClE,356,None,931,946,0.0,0.0
Era Kegelapan,485230427,2021-01-06 13:02:21,RT @PresidenKopi: 41 Maling... https://t.co/vUQpF2BClE,356,None,2123,1474,0.0,0.0
üíÇKom-Ut_Negara_RI üá≤üá®,2894899615,2021-01-06 13:01:18,RT @PresidenKopi: 41 Maling... https://t.co/vUQpF2BClE,356,None,572,435,0.0,0.0
Wanda Suhanda,1298212718009176065,2021-01-06 13:00:44,RT @PresidenKopi: 41 Maling... https://t.co/vUQpF2BClE,356,None,34,144,0.0,0.0
Dennis Adishwara,69353163,2021-01-06 12:59:28,"We need more,sir... https://t.co/SpMX9zcMN2",1,None,104254,5219,0.0,0.0
Don Neto,2882065423,2021-01-06 12:58:20,@bumnbersatu @ganjarpranowo @prabowo @jokowi @sandiuno @Dennysiregar7 @agusjabo333 @motizenchannel Kereen rip ,0,None,270,426,0.0,0.0
Yudha,1324022388686692353,2021-01-06 12:55:55,@Dennysiregar7 @jokowi @fadlizon Betul ,0,None,6,74,0.0,0.0
MIR YOUNS,273819343,2021-01-06 12:54:46,"RT @China2ASEAN: As announced by Health Minister Budi Gunadi Sadikin, #Indonesia will begin its nationwide #COVID19 #vaccination on January...",5,Indonesia,236,5002,0.0,0.0
Choerul Umam,280981318,2021-01-06 12:52:05,RT @PresidenKopi: 41 Maling... https://t.co/vUQpF2BClE,356,None,3000,4915,0.0,0.0
KBRI Maputo (A Embaxiada da Indon√©sia em Maputo),3420346323,2021-01-06 12:49:49,"RT @Kemlu_RI: 41. During his phone call with President Abbas, @jokowi stressed that we have no intentions to open up diplomatic relations w...",21,None,499,1306,0.0,0.5
Yono,134636523,2021-01-06 12:48:50,@ganjarpranowo @jokowi Amin,0,None,721,456,0.0,0.0
Indonesian Embassy Ankara,732209157118545920,2021-01-06 12:48:12,"RT @Kemlu_RI: 41. During his phone call with President Abbas, @jokowi stressed that we have no intentions to open up diplomatic relations w...",21,None,413,113,0.0,0.5
Hendri Boy,1224331835808727040,2021-01-06 12:48:10,RT @PresidenKopi: 41 Maling... https://t.co/vUQpF2BClE,356,None,79,358,0.0,0.0
COACH ADDIE,224119217,2021-01-06 12:47:23,RT @PresidenKopi: 41 Maling... https://t.co/vUQpF2BClE,356,None,2726,3013,0.0,0.0
Tulus Sutrisno,1346790665787559936,2021-01-06 12:47:14,RT @PresidenKopi: 41 Maling... https://t.co/vUQpF2BClE,356,None,2,55,0.0,0.0
gung jhon,1104355370506477569,2021-01-06 12:40:41,@SeruniPuspaAlam @KrisnantoImam @gabus_mendut @Maria_Zadina @jokowi Before you listen advice make sure that your ea... https://t.co/xx4B6g5jyg,0,None,1775,1928,0.5,0.8888888888888888
taufan agasta,2588180474,2021-01-06 12:38:55,"@jokowi Optimis
https://t.co/OqihKLkQKo",0,None,45,270,0.0,0.0
ùêäùêûùê•ùê•ùê¨ | COACOACü•∫,1096798843939647490,2021-01-06 12:37:49,@17IMPRINT @jokowi OmGGG PAKDEE OFCourseE but I'd be like oh shit did i do something wrong but I'd ANSWEEERRRRR,0,None,206,256,-0.35,0.8500000000000001
Deni,56432945,2021-01-06 12:37:06,RT @PresidenKopi: 41 Maling... https://t.co/vUQpF2BClE,356,None,735,1150,0.0,0.0
Leana Lazarus,1339441592243916802,2021-01-06 12:36:26,"@fadlizon, @Kemhan_RI,@jokowi
You're the most evil person on this universe. Everything isn't good for your standard... https://t.co/cKO1VZi0q8",0,None,1,10,0.04999999999999999,0.525
Noya,154800758,2021-01-06 12:36:13,RT @PresidenKopi: 41 Maling... https://t.co/vUQpF2BClE,356,None,1491,1478,0.0,0.0
RF,3180183638,2021-01-06 12:34:51,Jokowi bizzare adventure diamond is unbreakable ,0,None,66,290,0.0,0.0
Gedoran Depok,68417837,2021-01-06 12:34:26,RT @PresidenKopi: 41 Maling... https://t.co/vUQpF2BClE,356,None,264,192,0.0,0.0
Kurariji BSO üí´,101079407,2021-01-06 12:34:02,RT @PresidenKopi: 41 Maling... https://t.co/vUQpF2BClE,356,None,119,332,0.0,0.0
DERI,1186199814792310784,2021-01-06 12:33:54,@jokowi Kaboooorrrrrrr,0,None,63,263,0.0,0.0
erik saptari,68991737,2021-01-06 12:31:48,RT @PresidenKopi: 41 Maling... https://t.co/vUQpF2BClE,356,None,249,357,0.0,0.0
santo,1928887556,2021-01-06 12:31:31,RT @PresidenKopi: 41 Maling... https://t.co/vUQpF2BClE,356,None,441,2074,0.0,0.0
One,479068735,2021-01-06 12:31:02,@jokowi Pusing ah,0,None,118,358,0.0,0.0
Studio 23,1168790868959956995,2021-01-06 12:30:49,"RT @sociotalker: to sum up, pres @jokowi would rather rush vaccination despite vague efficacy approval than taking the measures to ramp up...",19,None,39,167,-0.5,0.5
Studio 23,1168790868959956995,2021-01-06 12:30:27,"RT @sociotalker: hmmm.... you show a leadership but in a wrong way. 

anyway, good luck....

https://t.co/GKZPs4gzsI",67,None,39,167,0.09999999999999998,0.75
yusuf,1232550119192481794,2021-01-06 12:30:21,RT @PresidenKopi: 41 Maling... https://t.co/vUQpF2BClE,356,None,197,367,0.0,0.0
Prof. Maling Bansos,2789977452,2021-01-06 12:28:41,RT @PresidenKopi: 41 Maling... https://t.co/vUQpF2BClE,356,None,617,1537,0.0,0.0
üêöRariüêö,1859576557,2021-01-06 12:27:41,RT @PresidenKopi: 41 Maling... https://t.co/vUQpF2BClE,356,None,299,273,0.0,0.0
D.J. X-diE,1139637492364148736,2021-01-06 12:26:16,RT @PresidenKopi: 41 Maling... https://t.co/vUQpF2BClE,356,None,130,324,0.0,0.0
6 Laskar FPI syuhada ü§≤ü§≤,876483760606265344,2021-01-06 12:26:06,@fatih_hanun @jokowi @mohmahfudmd Banserep ,0,None,7404,972,0.0,0.0
Didin Ali Sadikin,489262492,2021-01-06 12:25:17,RT @PresidenKopi: 41 Maling... https://t.co/vUQpF2BClE,356,None,772,1375,0.0,0.0
Pencitraan Menyesatkan,2615052722,2021-01-06 12:25:11,RT @PresidenKopi: 41 Maling... https://t.co/vUQpF2BClE,356,None,537,710,0.0,0.0
NEGERI SALAH URUS,1249008537054793728,2021-01-06 12:22:15,RT @PresidenKopi: 41 Maling... https://t.co/vUQpF2BClE,356,None,237,310,0.0,0.0
netijen anjing,587401060,2021-01-06 12:22:12,again? https://t.co/CjC4ueucM9,0,None,225,325,0.0,0.0
Kang Professor,1202147202249842690,2021-01-06 12:20:44,RT @PresidenKopi: 41 Maling... https://t.co/vUQpF2BClE,356,None,261,345,0.0,0.0
SyahRungAn,1219559549100687360,2021-01-06 12:19:44,@1001Bolang @jokowi aminnn,0,None,1297,1354,0.0,0.0
TVRI World,1344094293594521600,2021-01-06 12:18:36,"Indonesian president Joko Widodo officially launch the disburstment of 110 trillion rupiah cash assistance fund, fo... https://t.co/ZWfSN2UZMV",0,None,9,191,0.0,0.0
swan,1191958838,2021-01-06 12:18:22,RT @retiredslavista: that being said legalize ruu pks when @jokowi,1,None,67,83,0.0,0.0
pitihilihpritikilkisihitin,1335911324354633729,2021-01-06 12:16:22,@drpriono1 @jokowi @lawancovid19_id @KemenkesRI @BudiGSadikin @KawalCOVID19 @LaporCovid LOCKDOWN + 3T MASIF.,0,None,14,33,0.0,0.0
sugeng purwoto,144746035,2021-01-06 12:14:16,RT @PresidenKopi: 41 Maling... https://t.co/vUQpF2BClE,356,None,143,1164,0.0,0.0
Ade Candra,1111869321536364546,2021-01-06 12:12:49,RT @PresidenKopi: 41 Maling... https://t.co/vUQpF2BClE,356,None,266,262,0.0,0.0
tiara üí´,105085356,2021-01-06 12:10:38,that being said legalize ruu pks when @jokowi,1,None,826,364,0.0,0.0
F.O. Siregar,359031202,2021-01-06 12:08:05,RT @PresidenKopi: 41 Maling... https://t.co/vUQpF2BClE,356,None,99,32,0.0,0.0
Krn KERMIT negara Korat Karit.,1213107182557753344,2021-01-06 12:07:08,RT @PresidenKopi: 41 Maling... https://t.co/vUQpF2BClE,356,None,90,213,0.0,0.0
Mak Dang¬Æ,1353766914,2021-01-06 12:05:21,RT @PresidenKopi: 41 Maling... https://t.co/vUQpF2BClE,356,None,4688,691,0.0,0.0
Ô∏é Ô∏é Ô∏é Ô∏é Ô∏é,1344738135867965440,2021-01-06 12:01:30,@yaytstdjcht1 @jokowi 0 follower,0,None,1358,876,0.0,0.0
Loverhaters74,1110005534244036608,2021-01-06 12:01:05,RT @PresidenKopi: 41 Maling... https://t.co/vUQpF2BClE,356,None,485,483,0.0,0.0
Juragan ReTuit,142810299,2021-01-06 12:00:20,RT @PresidenKopi: 41 Maling... https://t.co/vUQpF2BClE,356,None,1302,2255,0.0,0.0
Tüçâ,54473500,2021-01-06 11:59:31,"YOU ARE A YEAR LATE, SIR https://t.co/0zMJssengB",0,None,405,206,-0.3,0.6
just ·óÖ‚Ñí,1068353319800717313,2021-01-06 11:56:56,@jokowi @susipudjiastuti Presiden first,0,None,31,95,0.25,0.3333333333333333
ARIESURYANA06,1246766470001881088,2021-01-06 11:56:55,@jokowi What???,0,None,59,80,0.0,0.0
buyuang,2417393037,2021-01-06 11:56:20,RT @PresidenKopi: 41 Maling... https://t.co/vUQpF2BClE,356,None,153,115,0.0,0.0
RS1 IS HAPPENING,1026511115616890880,2021-01-06 11:56:19,Bacot. https://t.co/GNCZSMlq1o,0,None,1956,480,0.0,0.0
Coach Zach,1181390090511142913,2021-01-06 11:54:44,RT @PresidenKopi: 41 Maling... https://t.co/vUQpF2BClE,356,None,157,124,0.0,0.0
UnholyGuy,1084776156539248640,2021-01-06 11:52:14,"@_mardial_ Not gonna lie, but jokowi have some drip doe",0,None,1033,2146,0.0,0.0
Ôæå„Ññ'‰πá,1201609334108512257,2021-01-06 11:50:57,RT @PresidenKopi: 41 Maling... https://t.co/vUQpF2BClE,356,None,584,758,0.0,0.0
Labuanraya,77397976,2021-01-06 11:50:14,RT @PresidenKopi: 41 Maling... https://t.co/vUQpF2BClE,356,None,55,491,0.0,0.0
Boyke Nainggolan Jr,2457682945,2021-01-06 11:49:39,While the chart shows that the age of 46 - &gt; 60 years has the highest fatality rate (39.8% - 44.2%) compared to wor... https://t.co/2d4QhTIY3G,0,None,1524,1441,0.0,0.0
Riza,101732773,2021-01-06 11:49:38,RT @PresidenKopi: 41 Maling... https://t.co/vUQpF2BClE,356,None,548,859,0.0,0.0
–Ø–îg√Æ‚Ñì ¬ß–î√û√ª‚Ä†–Ø–î,1267473649,2021-01-06 11:47:09,RT @PresidenKopi: 41 Maling... https://t.co/vUQpF2BClE,356,None,419,450,0.0,0.0
Mr_Fry,2879307402,2021-01-06 11:45:41,RT @PresidenKopi: 41 Maling... https://t.co/vUQpF2BClE,356,None,266,53,0.0,0.0
BLACK GARUDA,930596381051404288,2021-01-06 11:43:56,RT @PresidenKopi: 41 Maling... https://t.co/vUQpF2BClE,356,None,697,643,0.0,0.0
nuridahayat1221,2700139213,2021-01-06 11:42:23,RT @PresidenKopi: 41 Maling... https://t.co/vUQpF2BClE,356,None,304,203,0.0,0.0
Juanindo Jorgi Janad,1032521488765599745,2021-01-06 11:40:19,@INTERPOL_HQ's going to report @realDonaldTrump for killing of the Iranian general Qasem Soleimani. #ByeByeTrump... https://t.co/w5QcE0nA86,0,ByeByeTrump,42,3828,0.05000000000000002,0.5
#INDONESIA_NTBüí™,802883232928657408,2021-01-06 11:40:17,RT @PresidenKopi: 41 Maling... https://t.co/vUQpF2BClE,356,None,4080,3669,0.0,0.0
Angkatan '96,1125121585214398464,2021-01-06 11:40:04,RT @PresidenKopi: 41 Maling... https://t.co/vUQpF2BClE,356,None,748,740,0.0,0.0
GAGEGO,350210635,2021-01-06 11:39:53,RT @PresidenKopi: 41 Maling... https://t.co/vUQpF2BClE,356,None,337,1346,0.0,0.0
Udin,406327718,2021-01-06 11:37:55,RT @PresidenKopi: 41 Maling... https://t.co/vUQpF2BClE,356,None,411,373,0.0,0.0
Mamahidah,1263104212080005122,2021-01-06 11:37:22,RT @PresidenKopi: 41 Maling... https://t.co/vUQpF2BClE,356,None,317,573,0.0,0.0
Deus Vult,188372327,2021-01-06 11:34:31,"@jokowi You'll Never Walk Alone, sir.",0,None,731,948,0.0,0.0
Nadya Zeky,1263468492763906048,2021-01-06 11:33:24,RT @PresidenKopi: 41 Maling... https://t.co/vUQpF2BClE,356,None,147,140,0.0,0.0
Kumar,1142677298732101632,2021-01-06 11:31:39,"@jokowi Read my full thread (Pinned)And.....
Liberate the world from cultural slavery and adopt the ancient civiliz... https://t.co/7Nv3qlVX6b",0,None,79,285,0.22499999999999998,0.325
Sandrabomber,77540284,2021-01-06 11:30:01,RT @PresidenKopi: 41 Maling... https://t.co/vUQpF2BClE,356,None,562,583,0.0,0.0
Indonesian Embassy Pyongyang,986058483618414592,2021-01-06 11:29:04,"RT @Kemlu_RI: 41. During his phone call with President Abbas, @jokowi stressed that we have no intentions to open up diplomatic relations w...",21,None,747,230,0.0,0.5
girl who is down bad,732535841692622848,2021-01-06 11:27:48,need a pfizer plug when it's time https://t.co/KRKelImpZl,0,None,1223,496,0.0,0.0
Efie,1371213794,2021-01-06 11:27:45,RT @PresidenKopi: 41 Maling... https://t.co/vUQpF2BClE,356,None,310,452,0.0,0.0
Victor Escobido,186697392,2021-01-06 11:23:05,"Haha Indonesia's starting to roll out vaccine distribution already,, keep up naman pls https://t.co/GYmIdhGRvx",0,None,567,1421,0.1,0.2
Ô∏é Ô∏é Ô∏é Ô∏é Ô∏é,1344738135867965440,2021-01-06 11:22:56,@badcorp4 @jokowi Ho oh ,0,None,1358,876,0.0,0.0
NEW MOBOKRASI,994846636051451913,2021-01-06 11:22:42,RT @PresidenKopi: 41 Maling... https://t.co/vUQpF2BClE,356,None,359,205,0.0,0.0
hani_yuli,1213628542098915328,2021-01-06 11:22:27,RT @PresidenKopi: 41 Maling... https://t.co/vUQpF2BClE,356,None,26,148,0.0,0.0
Ipin_ItheM ‚ò™,1057762034824052736,2021-01-06 11:22:14,@DonjuanX8 @jokowi @SatyaJogja_ @Aryprasetyo85 @NEY_4PU3 @anaesterlin @sulistyo_tantry @BPrima777 @arfa1993... https://t.co/fI9OIIfwcr,0,None,5180,4837,0.0,0.0
ùíçùíäùíîùíÜùíçùíäùíî,804555840,2021-01-06 11:21:56,@jokowi hope it will work out well,0,None,176,243,0.0,0.0
KBRI_Dakar,992074977175375874,2021-01-06 11:18:48,"RT @Kemlu_RI: 41. During his phone call with President Abbas, @jokowi stressed that we have no intentions to open up diplomatic relations w...",21,None,505,255,0.0,0.5
jmertani,66384151,2021-01-06 11:18:13,RT @PresidenKopi: 41 Maling... https://t.co/vUQpF2BClE,356,None,215,316,0.0,0.0
FrontPersatuanIslam,860772012796530688,2021-01-06 11:17:19,RT @PresidenKopi: 41 Maling... https://t.co/vUQpF2BClE,356,None,929,1034,0.0,0.0
JUVENTINI,2575963340,2021-01-06 11:16:19,RT @PresidenKopi: 41 Maling... https://t.co/vUQpF2BClE,356,None,694,741,0.0,0.0
Ain't Jack,563751477,2021-01-06 11:15:18,RT @PresidenKopi: 41 Maling... https://t.co/vUQpF2BClE,356,None,597,158,0.0,0.0
Tantry,1124503709398982656,2021-01-06 11:14:57,@DonjuanX8 @jokowi @SatyaJogja_ @Aryprasetyo85 @NEY_4PU3 @anaesterlin @BPrima777 @arfa1993 @LibraWati5 @momcill... https://t.co/eEt4z23pHA,0,None,5154,5039,0.0,0.0
Kumar,1142677298732101632,2021-01-06 11:14:21,"@jokowi Read my full thread (Pinned)And.....
Liberate the world from cultural slavery and adopt the ancient civiliz... https://t.co/Eoh3KuGIWP",0,None,79,285,0.22499999999999998,0.325
CIMPORONG,1004921130971303936,2021-01-06 11:13:13,RT @PresidenKopi: 41 Maling... https://t.co/vUQpF2BClE,356,None,1644,480,0.0,0.0
Rileks,1132526037516951552,2021-01-06 11:12:02,@payman36604647 @jokowi Betul,0,None,23,322,0.0,0.0
seimbang,1072329503936983041,2021-01-06 11:11:37,Surpreeeesss https://t.co/ZGuI9QEUxN,0,None,65,98,0.0,0.0
Usman Hanif,1345790318650695683,2021-01-06 11:10:44,@jokowi Aminnn..,0,None,0,20,0.0,0.0
PapaVan,377521246,2021-01-06 11:08:23,"""Even before the regulator's approval, the government has started distributing the vaccines to its 34 provinces spr... https://t.co/T3LmSR8KAp",0,None,14,267,0.0,0.0
Abdillah,1624555531,2021-01-06 11:08:03,RT @galihholic_23: @catuaries Fans jokowi fans risma fans anies .. holy trinity ini mah,8,None,966,2119,0.0,0.0
üê®‚Å∞‚Å∑ArtüçÉ,1336657788563410951,2021-01-06 11:06:37,@jokowi Stay Safe teruss,0,None,17,74,0.5,0.5
Pak Harto,894421880119021568,2021-01-06 11:05:39,RT @PresidenKopi: 41 Maling... https://t.co/vUQpF2BClE,356,None,255,724,0.0,0.0
DonjuanX,1311270716315037696,2021-01-06 11:05:34,@sulistyo_tantry @jokowi @SatyaJogja_ @Aryprasetyo85 @NEY_4PU3 @anaesterlin @BPrima777 @arfa1993 @LibraWati5... https://t.co/y9PgTLF6p3,0,None,1894,1855,0.0,0.0
chimchim‚Å∑,186722777,2021-01-06 11:05:26,Aturrrrrr https://t.co/TMMx6Nch7o,0,None,531,484,0.0,0.0
John,1270666821776089090,2021-01-06 11:02:26,Indonesia to Start Vaccinations on Jan. 13 With Jokowi First https://t.co/6va5kt9LMB #StayAtHome #HealthyAtHome... https://t.co/vg79CC4kwH,0,StayAtHome,6,29,0.25,0.3333333333333333
QUEEN CHAEERANEE,269236993,2021-01-06 11:01:21,RT @PresidenKopi: 41 Maling... https://t.co/vUQpF2BClE,356,None,105,855,0.0,0.0
üê®‚Å∞‚Å∑ArtüçÉ,1336657788563410951,2021-01-06 11:01:11,@jokowi It's okay bapak hmmmz,0,None,17,74,0.5,0.5
Singgih,1936671134,2021-01-06 11:00:24,RT @PresidenKopi: 41 Maling... https://t.co/vUQpF2BClE,356,None,3147,3244,0.0,0.0
"ABAH SALMAN BARKAH,SH",1218008051157880832,2021-01-06 10:58:49,RT @PresidenKopi: 41 Maling... https://t.co/vUQpF2BClE,356,None,513,207,0.0,0.0
Asu Kayang Kamu...trvkeigunyhs,163053234,2021-01-06 10:58:37,Indonesia lock down https://t.co/DgLQR2h0LV,0,None,411,616,-0.15555555555555559,0.2888888888888889
"""frihatmoko""",1330921906216714240,2021-01-06 10:56:08,"@jokowi Mantapp,,,",0,None,1,44,0.0,0.0
bocahnomaden,1135459873636794369,2021-01-06 10:55:53,"RT @Kemlu_RI: 41. During his phone call with President Abbas, @jokowi stressed that we have no intentions to open up diplomatic relations w...",21,None,1,18,0.0,0.5
Jatiasih‚Ñ¢,249006027,2021-01-06 10:55:31,"Indonesia to Start Vaccinations on Jan. 13 With Jokowi First.
https://t.co/XryDbJlvlX",0,None,14418,237,0.25,0.3333333333333333
Qwerty,39140029,2021-01-06 10:53:43,RT @PresidenKopi: 41 Maling... https://t.co/vUQpF2BClE,356,None,447,229,0.0,0.0
ArifBudiman,1118861841726230529,2021-01-06 10:53:33,RT @PresidenKopi: 41 Maling... https://t.co/vUQpF2BClE,356,None,311,671,0.0,0.0
Satria‚ùì,1228769093722894336,2021-01-06 10:50:31,@Toperendusara1 @jokowi Wah disetting dong @LastryMonika,0,None,92,131,0.0,0.0
Kizito Chiwala,107877565,2021-01-06 10:49:29,"RT @peterls1605: Indonesian Min of Health sets out 7 priority groups for COVID-19 vaccine. None refer to people aged 60+. ""Luckily"", 
Presi...",2,None,99,362,0.11666666666666665,0.6166666666666667
J4L4N LURU$,2323042771,2021-01-06 10:49:16,RT @PresidenKopi: 41 Maling... https://t.co/vUQpF2BClE,356,None,1250,1006,0.0,0.0
@MatSunny,1326167561411547142,2021-01-06 10:49:14,RT @PresidenKopi: 41 Maling... https://t.co/vUQpF2BClE,356,None,116,624,0.0,0.0
iLLiYYin,842006954457223168,2021-01-06 10:48:55,RT @PresidenKopi: 41 Maling... https://t.co/vUQpF2BClE,356,None,90,46,0.0,0.0
Suwar Y,1072716614649339904,2021-01-06 10:48:00,RT @PresidenKopi: 41 Maling... https://t.co/vUQpF2BClE,356,None,1033,1504,0.0,0.0
kopi pait,928480085392236544,2021-01-06 10:46:10,RT @PresidenKopi: 41 Maling... https://t.co/vUQpF2BClE,356,None,1015,1367,0.0,0.0
Sariandi Koto,1917482642,2021-01-06 10:41:31,RT @PresidenKopi: 41 Maling... https://t.co/vUQpF2BClE,356,None,301,680,0.0,0.0
beyaz s√ºvari,1065963987412480000,2021-01-06 10:40:35,RT @PresidenKopi: 41 Maling... https://t.co/vUQpF2BClE,356,None,789,802,0.0,0.0
Si Meong üò∫üò∫üò∏üòπ,1102375411202154496,2021-01-06 10:40:31,RT @PresidenKopi: 41 Maling... https://t.co/vUQpF2BClE,356,None,1854,1821,0.0,0.0
onom,1067955300538318854,2021-01-06 10:38:24,RT @PresidenKopi: 41 Maling... https://t.co/vUQpF2BClE,356,None,930,329,0.0,0.0
Orang Barat,337556862,2021-01-06 10:37:25,RT @PresidenKopi: 41 Maling... https://t.co/vUQpF2BClE,356,None,1402,385,0.0,0.0
Presiden Togog...üôÑ,1091599127438254081,2021-01-06 10:37:06,RT @PresidenKopi: 41 Maling... https://t.co/vUQpF2BClE,356,None,925,902,0.0,0.0
Shihohean,1346261738262392834,2021-01-06 10:36:18,Great Mr Jokowi https://t.co/MN2v0H0Jmj,0,None,0,7,0.8,0.75
N Alexendry Tang,3603643274,2021-01-06 10:33:19,"RT @herculeszzz: Drun....!!!
.
@aagym
@hnurwahid
@SujiwoTejo1

https://t.co/7ASWnXCAsL",19,None,4052,2939,0.0,0.0
EEMOM,214107994,2021-01-06 10:31:54,RT @PresidenKopi: 41 Maling... https://t.co/vUQpF2BClE,356,None,315,2398,0.0,0.0
JUBIR JOKOWI,2576587609,2021-01-06 10:31:14,RT @PresidenKopi: 41 Maling... https://t.co/vUQpF2BClE,356,None,1778,162,0.0,0.0
Pitungtulungan,1132965350218186754,2021-01-06 10:30:33,RT @PresidenKopi: 41 Maling... https://t.co/vUQpF2BClE,356,None,709,1323,0.0,0.0
Galih_Kangkung,467183027,2021-01-06 10:29:44,RT @PresidenKopi: 41 Maling... https://t.co/vUQpF2BClE,356,None,1430,1758,0.0,0.0
Mas Jarkoni,189734334,2021-01-06 10:23:09,"RT @AmanillahH: @trizcroft Weak Indonesians created Jokowi, Strong Indonesians created chad Harto and SBY",1,None,347,146,0.029166666666666646,0.6791666666666667
DpcBMIKOTATANGSEL,1253601029578387456,2021-01-06 10:21:47,RT @PresidenKopi: 41 Maling... https://t.co/vUQpF2BClE,356,None,406,465,0.0,0.0
Hilmi Aminuddin,1256152739127496704,2021-01-06 10:21:39,"@trizcroft Weak Indonesians created Jokowi, Strong Indonesians created chad Harto and SBY",1,None,133,231,0.029166666666666646,0.6791666666666667
BUZZER SYAITHON,393070198,2021-01-06 10:19:29,RT @PresidenKopi: 41 Maling... https://t.co/vUQpF2BClE,356,None,2086,2030,0.0,0.0
Prajurit_420,34234311,2021-01-06 10:18:01,"@FaheemYounus Mr. Jokowi knows everything and what to do, you is an outsider should stay out of our country's business!!! ",0,None,4565,420,0.0,0.0
tata TOMMY APOLOGIST,1084063476450906113,2021-01-06 10:16:43,@aeryniestal NOT JOKOWI HELPPPPP,0,None,659,789,0.0,0.0
Bosky Ivanka,1325404752507629569,2021-01-06 10:15:19,RT @PresidenKopi: 41 Maling... https://t.co/vUQpF2BClE,356,None,435,673,0.0,0.0
Puji Saja,79391864,2021-01-06 10:14:01,@KakekHalal @jokowi Amin,0,None,114,325,0.0,0.0
kopi-Oüëå‚ñ∂üí™ü§î,1851856945,2021-01-06 10:06:59,RT @PresidenKopi: 41 Maling... https://t.co/vUQpF2BClE,356,None,306,414,0.0,0.0
mbah uban bukan pinokio,336026003,2021-01-06 10:06:19,RT @PresidenKopi: 41 Maling... https://t.co/vUQpF2BClE,356,None,1584,1587,0.0,0.0
nanda daulay,826110341268463617,2021-01-06 10:03:46,RT @PresidenKopi: 41 Maling... https://t.co/vUQpF2BClE,356,None,889,616,0.0,0.0
thesmartlocalid,1249658566882934791,2021-01-06 10:03:10,"President Joko Widodo is scheduled to receive a COVID-19 vaccination this month, on 13th January 2021. Nationwide r... https://t.co/2Ienb6jnUg",0,None,22,223,0.0,0.0
Dani Ratuela,1090628126831341568,2021-01-06 10:03:06,@Cr1st1n_Ntali3e @jokowi Mas boy,0,None,3670,3250,0.0,0.0
Subhi,2801993976,2021-01-06 10:02:48,RT @PresidenKopi: 41 Maling... https://t.co/vUQpF2BClE,356,None,1456,1485,0.0,0.0
bagus backpacker,118629777,2021-01-06 10:02:05,RT @PresidenKopi: 41 Maling... https://t.co/vUQpF2BClE,356,None,255,628,0.0,0.0
Alhamdulillah,971190994308706305,2021-01-06 10:01:42,RT @PresidenKopi: 41 Maling... https://t.co/vUQpF2BClE,356,None,2135,1565,0.0,0.0
champ,71317608,2021-01-06 09:59:07,@Toperendusara1 @jokowi Blunder maning...,0,None,650,543,0.0,0.0
Jaya,1297541543046209541,2021-01-06 09:58:58,RT @PresidenKopi: 41 Maling... https://t.co/vUQpF2BClE,356,None,662,497,0.0,0.0
Pembelajar,710729818468298753,2021-01-06 09:57:32,RT @PresidenKopi: 41 Maling... https://t.co/vUQpF2BClE,356,None,556,1448,0.0,0.0
RIDWAN KAMIL @ Middle East ÿ±ÿ∂ŸàÿßŸÜ ⁄©ÿßŸÖŸÑ ÿßŸÑÿ¥ÿ±ŸÇ ÿßŸÑÿ£Ÿàÿ≥ÿ∑,1273449703833653248,2021-01-06 09:57:00,"RT @setkabgoid: President @jokowi has called for the development of new ways in higher education.

#CabinetNews

https://t.co/JPoLQe39qZ",2,CabinetNews,183,1275,0.19318181818181818,0.4772727272727273
Bedjo5758,1276729964054769664,2021-01-06 09:54:53,RT @PresidenKopi: 41 Maling... https://t.co/vUQpF2BClE,356,None,615,453,0.0,0.0
remahan oreo,1083568909347737600,2021-01-06 09:54:52,"RT @Muthia911: Nothing can ever replace the irreparable damage sexual predators' victims had to endure, but this is off to a good start. ht...",202,None,669,689,0.6,0.7166666666666668
2ikr1,4811367254,2021-01-06 09:52:56,RT @PresidenKopi: 41 Maling... https://t.co/vUQpF2BClE,356,None,154,269,0.0,0.0
Belle Buster,1297917823801413633,2021-01-06 09:52:10,@Maicon34320899 @ubayWP @LisaAmartatara3 I don't get why you consider this is the ultimate insult to me personally... https://t.co/tHqZSvy0qW,0,None,1,31,0.0,0.65
"@Mprop Mpud , Menteri Belepotan Indonesia",1277821147392782336,2021-01-06 09:48:30,RT @PresidenKopi: 41 Maling... https://t.co/vUQpF2BClE,356,None,647,790,0.0,0.0
Udayana Agastya,1417664456,2021-01-06 09:47:36,RT @PresidenKopi: 41 Maling... https://t.co/vUQpF2BClE,356,None,502,722,0.0,0.0
üáÆüá©ü§ò Kebul Damri 97üëÜüè¥,721669712128655361,2021-01-06 09:44:24,RT @PresidenKopi: 41 Maling... https://t.co/vUQpF2BClE,356,None,816,1751,0.0,0.0
bebellac,942819354546118656,2021-01-06 09:43:59,RT @galihholic_23: @catuaries Fans jokowi fans risma fans anies .. holy trinity ini mah,8,None,60,248,0.0,0.0
Bakteri,1068185365696004096,2021-01-06 09:43:30,RT @PresidenKopi: 41 Maling... https://t.co/vUQpF2BClE,356,None,105,114,0.0,0.0
AKUN KE 2 @faisal_buchoüè¥,1328315508609859585,2021-01-06 09:41:58,RT @PresidenKopi: 41 Maling... https://t.co/vUQpF2BClE,356,None,73,152,0.0,0.0
bobby tanaya,513269874,2021-01-06 09:40:12,"@revaldomichiels @jokowi ""Saged mas, till jannah"" ",0,None,1326,543,0.0,0.0
In Salutem,1311183942037327872,2021-01-06 09:38:29,@DKaimowitz @jokowi you do kill your countrymen in near future https://t.co/I0eL2J0OOs,0,None,24,77,0.05,0.2625
Meyer,1251167099315077123,2021-01-06 09:37:38,RT @PresidenKopi: 41 Maling... https://t.co/vUQpF2BClE,356,None,175,444,0.0,0.0
Arul Kamaru,3001217851,2021-01-06 09:36:45,RT @PresidenKopi: 41 Maling... https://t.co/vUQpF2BClE,356,None,3077,3105,0.0,0.0
Ahmadi Didit,1118836140134453251,2021-01-06 09:35:59,RT @PresidenKopi: 41 Maling... https://t.co/vUQpF2BClE,356,None,118,177,0.0,0.0
üÖ±Ô∏è16 3¬ÆÔ∏èOZ üáÆüá©üáπüá∑,1337404218831847424,2021-01-06 09:34:23,RT @PresidenKopi: 41 Maling... https://t.co/vUQpF2BClE,356,None,119,439,0.0,0.0
Warto,1280379762553139205,2021-01-06 09:32:23,"RT @setkabgoid: President @jokowi on Tuesday (5/1) symbolically distributed 584,407 land certificates for recipients in 26 provinces and 27...",1,None,205,250,0.0,0.0
Ashaby,1026377827828957185,2021-01-06 09:31:51,RT @PresidenKopi: 41 Maling... https://t.co/vUQpF2BClE,356,None,780,1299,0.0,0.0
Warto,1280379762553139205,2021-01-06 09:31:11,"RT @setkabgoid: President @jokowi has called for the development of new ways in higher education.

#CabinetNews

https://t.co/JPoLQe39qZ",2,CabinetNews,205,250,0.19318181818181818,0.4772727272727273
budi turmudzi,3225391118,2021-01-06 09:30:57,RT @PresidenKopi: 41 Maling... https://t.co/vUQpF2BClE,356,None,567,375,0.0,0.0
RepubliekMP üá≥üá± D√©sir√©eStokkel #Verkiezingen2021,1231507812175564800,2021-01-06 09:29:59,"@jokowi  I know @elonmusk is on his way to you  @thejakartaglobe @jakpost ...  

He is an American, working on his... https://t.co/yufQEMVyu2",0,None,114,904,0.0,0.0
Denny Nurdin,2819504090,2021-01-06 09:29:16,RT @PresidenKopi: 41 Maling... https://t.co/vUQpF2BClE,356,None,310,1215,0.0,0.0
Sekretariat Kabinet,260686783,2021-01-06 09:29:10,"""The President has assigned my Ministry to restructure the social protection system,"" Minister of National Developm... https://t.co/d7GQvlJUYB",0,None,1103697,94,0.03333333333333333,0.06666666666666667
Sekretariat Kabinet,260686783,2021-01-06 09:25:48,"President @jokowi on Tuesday (5/1) symbolically distributed 584,407 land certificates for recipients in 26 province... https://t.co/F836x7otas",1,None,1103697,94,0.0,0.0
Ajie Roest@m,1299670637795893251,2021-01-06 09:24:46,RT @PresidenKopi: 41 Maling... https://t.co/vUQpF2BClE,356,None,111,360,0.0,0.0
Septiantoro,1272186180247760896,2021-01-06 09:24:39,"RT @sociotalker: hmmm.... you show a leadership but in a wrong way. 

anyway, good luck....

https://t.co/GKZPs4gzsI",67,None,11,291,0.09999999999999998,0.75
Sekretariat Kabinet,260686783,2021-01-06 09:24:00,"President @jokowi has called for the development of new ways in higher education.

#CabinetNews

https://t.co/JPoLQe39qZ",2,CabinetNews,1103697,94,0.19318181818181818,0.4772727272727273
AzisMuslim,1341554150,2021-01-06 09:23:01,RT @PresidenKopi: 41 Maling... https://t.co/vUQpF2BClE,356,None,71,311,0.0,0.0
Mi Nombre Rany,68859687,2021-01-06 09:22:58,Jokowi issues provisions on chemical castration for child rapists https://t.co/kbPGEn7C2H,0,None,336,241,0.0,0.0
KBRI Den Haag,65746978,2021-01-06 09:21:03,"RT @Kemlu_RI: 41. During his phone call with President Abbas, @jokowi stressed that we have no intentions to open up diplomatic relations w...",21,None,6639,348,0.0,0.5
Cia Iswaldy üè¥,1096288812206936064,2021-01-06 09:17:49,RT @PresidenKopi: 41 Maling... https://t.co/vUQpF2BClE,356,None,1828,1931,0.0,0.0
pampam,1210178282366390272,2021-01-06 09:17:36,"President Joko ""Jokowi"" Widodo signed a government regulation on #chemical #castration of child predators.... https://t.co/g424CpREUX",0,chemical,42,27,0.0,0.0
Santoz,903826896516857856,2021-01-06 09:17:09,RT @PresidenKopi: 41 Maling... https://t.co/vUQpF2BClE,356,None,89,173,0.0,0.0
KBRI_Tashkent,742595918835376128,2021-01-06 09:14:32,"RT @Kemlu_RI: 41. During his phone call with President Abbas, @jokowi stressed that we have no intentions to open up diplomatic relations w...",21,None,564,315,0.0,0.5
krisnarenaldi,15860666,2021-01-06 09:14:24,@Toperendusara1 @jokowi Cerita sinetron kalah.. the best reality show ever!,0,None,289,376,1.0,0.3
Black N White,1056598914634137600,2021-01-06 09:14:00,RT @PresidenKopi: 41 Maling... https://t.co/vUQpF2BClE,356,None,593,528,0.0,0.0
Aris,968770940107743232,2021-01-06 09:13:32,RT @PresidenKopi: 41 Maling... https://t.co/vUQpF2BClE,356,None,45,68,0.0,0.0
Rocil van Pokeng,2353388936,2021-01-06 09:12:41,RT @PresidenKopi: 41 Maling... https://t.co/vUQpF2BClE,356,None,1240,1573,0.0,0.0
KangNyimak,1294565623079477251,2021-01-06 09:12:25,RT @PresidenKopi: 41 Maling... https://t.co/vUQpF2BClE,356,None,261,473,0.0,0.0
uzumaki asyril 46,3224466961,2021-01-06 09:11:54,RT @PresidenKopi: 41 Maling... https://t.co/vUQpF2BClE,356,None,767,868,0.0,0.0
Mr kodok,1089913392037388288,2021-01-06 09:11:27,RT @PresidenKopi: 41 Maling... https://t.co/vUQpF2BClE,356,None,1889,2061,0.0,0.0
I am the Best 03,1330748858519830528,2021-01-06 09:11:26,RT @PresidenKopi: 41 Maling... https://t.co/vUQpF2BClE,356,None,373,1107,0.0,0.0
Antok1,1120093182362935296,2021-01-06 09:09:11,RT @PresidenKopi: 41 Maling... https://t.co/vUQpF2BClE,356,None,1336,2190,0.0,0.0
Prasetyo budi,817910306382852096,2021-01-06 09:09:07,RT @PresidenKopi: 41 Maling... https://t.co/vUQpF2BClE,356,None,117,492,0.0,0.0
We 18292iGeubr,1212980355726073856,2021-01-06 09:08:36,RT @PresidenKopi: 41 Maling... https://t.co/vUQpF2BClE,356,None,2192,2368,0.0,0.0
Lalan_StayAtHome,1233206644982444033,2021-01-06 09:07:58,RT @PresidenKopi: 41 Maling... https://t.co/vUQpF2BClE,356,None,224,316,0.0,0.0
abenk II,1165950560157061120,2021-01-06 09:07:16,RT @PresidenKopi: 41 Maling... https://t.co/vUQpF2BClE,356,None,255,586,0.0,0.0
Paulusnews,1029025798513020929,2021-01-06 09:06:36,RT @PresidenKopi: 41 Maling... https://t.co/vUQpF2BClE,356,None,61,377,0.0,0.0
Ôº¶ÔΩóÔΩï  Ôº®ÔΩÅÔΩçÔΩÖÔΩÑ,2898635545,2021-01-06 09:05:21,RT @PresidenKopi: 41 Maling... https://t.co/vUQpF2BClE,356,None,102,775,0.0,0.0
Agung Anggoro Putro,1330077678326714369,2021-01-06 09:04:24,RT @PresidenKopi: 41 Maling... https://t.co/vUQpF2BClE,356,None,147,444,0.0,0.0
üè¥Bunk Zae,293955150,2021-01-06 09:03:14,RT @PresidenKopi: 41 Maling... https://t.co/vUQpF2BClE,356,None,482,210,0.0,0.0
Santosi,878846820578807808,2021-01-06 09:01:52,RT @PresidenKopi: 41 Maling... https://t.co/vUQpF2BClE,356,None,549,643,0.0,0.0
KBRI Seoul,2999074400,2021-01-06 09:01:32,"RT @Kemlu_RI: 41. During his phone call with President Abbas, @jokowi stressed that we have no intentions to open up diplomatic relations w...",21,None,4884,167,0.0,0.5
Sir Lam,167825022,2021-01-06 09:00:53,RT @PresidenKopi: 41 Maling... https://t.co/vUQpF2BClE,356,None,275,1226,0.0,0.0
L A U R A_1,1210696199033872384,2021-01-06 08:59:33,RT @PresidenKopi: 41 Maling... https://t.co/vUQpF2BClE,356,None,341,640,0.0,0.0
NOVINTA.,3253794709,2021-01-06 08:56:56,RT @Indounik: The Indonesian government has decided to impose restrictions on some activities in Java &amp; Bali from 11-25 January. The restri...,2,None,12955,109,0.0,0.0
ilham permana,332888741,2021-01-06 08:56:39,RT @PresidenKopi: 41 Maling... https://t.co/vUQpF2BClE,356,None,653,1913,0.0,0.0
A.D.I van den Berg,1345200450950217733,2021-01-06 08:56:38,RT @PresidenKopi: 41 Maling... https://t.co/vUQpF2BClE,356,None,140,450,0.0,0.0
Ewon#KomporGas,712242282,2021-01-06 08:55:49,RT @PresidenKopi: 41 Maling... https://t.co/vUQpF2BClE,356,None,966,1538,0.0,0.0
Mace,1119170643700772866,2021-01-06 08:54:56,RT @PresidenKopi: 41 Maling... https://t.co/vUQpF2BClE,356,None,841,1093,0.0,0.0
Nama Doang,576012529,2021-01-06 08:54:41,RT @PresidenKopi: 41 Maling... https://t.co/vUQpF2BClE,356,None,5536,5353,0.0,0.0
Alexander,940951044971937794,2021-01-06 08:53:49,RT @Indounik: The Indonesian government has decided to impose restrictions on some activities in Java &amp; Bali from 11-25 January. The restri...,2,None,393,579,0.0,0.0
OPOSISI,553203120,2021-01-06 08:53:02,RT @PresidenKopi: 41 Maling... https://t.co/vUQpF2BClE,356,None,826,476,0.0,0.0
Eko Sunarko,1084423878150041600,2021-01-06 08:50:30,RT @PresidenKopi: 41 Maling... https://t.co/vUQpF2BClE,356,None,1007,1269,0.0,0.0
eewan,3193742610,2021-01-06 08:50:25,RT @PresidenKopi: 41 Maling... https://t.co/vUQpF2BClE,356,None,187,352,0.0,0.0
Jùì™ùì∂ùì≤ùìµ-ùì±-ùîÇ 27,1113047140719243265,2021-01-06 08:49:30,RT @PresidenKopi: 41 Maling... https://t.co/vUQpF2BClE,356,None,148,601,0.0,0.0
TOM & JERRY,1235558899710701569,2021-01-06 08:49:27,RT @PresidenKopi: 41 Maling... https://t.co/vUQpF2BClE,356,None,83,305,0.0,0.0
KepakSayapGaruda,3321423907,2021-01-06 08:49:11,RT @PresidenKopi: 41 Maling... https://t.co/vUQpF2BClE,356,None,5562,806,0.0,0.0
Indounik,189101826,2021-01-06 08:48:59,The Indonesian government has decided to impose restrictions on some activities in Java &amp; Bali from 11-25 January.... https://t.co/VZq0n9xyx3,2,None,2990,3513,0.0,0.0
Achmad N.,2336207202,2021-01-06 08:48:19,RT @PresidenKopi: 41 Maling... https://t.co/vUQpF2BClE,356,None,245,459,0.0,0.0
Benny K Wardhana,3421079053,2021-01-06 08:48:04,RT @PresidenKopi: 41 Maling... https://t.co/vUQpF2BClE,356,None,135,374,0.0,0.0
ABkapal04,1208709322475130886,2021-01-06 08:47:09,RT @PresidenKopi: 41 Maling... https://t.co/vUQpF2BClE,356,None,104,241,0.0,0.0
Ling Bin,1310440700698226689,2021-01-06 08:44:54,RT @PresidenKopi: 41 Maling... https://t.co/vUQpF2BClE,356,None,351,315,0.0,0.0
Karena hidup tak SEANJING itu kawan..,1127239691596550144,2021-01-06 08:43:59,RT @PresidenKopi: 41 Maling... https://t.co/vUQpF2BClE,356,None,291,622,0.0,0.0
Lixa,921320294006083585,2021-01-06 08:42:26,RT @PresidenKopi: 41 Maling... https://t.co/vUQpF2BClE,356,None,122,173,0.0,0.0
EdwarFeggy,1292466322563952640,2021-01-06 08:41:34,RT @PresidenKopi: 41 Maling... https://t.co/vUQpF2BClE,356,None,255,719,0.0,0.0
Gusti Masrikinsyah,953235362339373056,2021-01-06 08:40:15,RT @PresidenKopi: 41 Maling... https://t.co/vUQpF2BClE,356,None,234,1466,0.0,0.0
JOKOWI_17,1295221207004934145,2021-01-06 08:40:07,great!!!!! thats is fuckest things you should do it......Gonna bring fight FUCK......,0,None,2,7,0.3,0.675
Rashid Mehmood,1334061338943950848,2021-01-06 08:39:44,"RT @China2ASEAN: As announced by Health Minister Budi Gunadi Sadikin, #Indonesia will begin its nationwide #COVID19 #vaccination on January...",5,Indonesia,173,892,0.0,0.0
Onizuka,177263394,2021-01-06 08:35:20,RT @PresidenKopi: 41 Maling... https://t.co/vUQpF2BClE,356,None,472,1166,0.0,0.0
Agus Dimyati,74079840,2021-01-06 08:32:41,RT @PresidenKopi: 41 Maling... https://t.co/vUQpF2BClE,356,None,917,587,0.0,0.0
Abi arsya zia,1118902601922297856,2021-01-06 08:32:34,RT @PresidenKopi: 41 Maling... https://t.co/vUQpF2BClE,356,None,146,191,0.0,0.0
LynnWilson,976882801,2021-01-06 08:32:32,"RT @business: President Joko Widodo is set to get vaccinated against the coronavirus on Jan. 13, which would kick off Indonesia's inoculati...",28,None,983,1394,0.0,0.0
dagelan_aja,2402223978,2021-01-06 08:31:43,RT @PresidenKopi: 41 Maling... https://t.co/vUQpF2BClE,356,None,391,644,0.0,0.0
"PUTRA ANDALAS ke,,,,",1337032901628551171,2021-01-06 08:31:36,RT @PresidenKopi: 41 Maling... https://t.co/vUQpF2BClE,356,None,644,1372,0.0,0.0
Nurul Shantiwardhani,184388747,2021-01-06 08:31:05,RT @PresidenKopi: 41 Maling... https://t.co/vUQpF2BClE,356,None,3038,1995,0.0,0.0
Rasul 88,1273789498984292352,2021-01-06 08:24:55,RT @PresidenKopi: 41 Maling... https://t.co/vUQpF2BClE,356,None,79,260,0.0,0.0
Taufik Qurahmansah,861575423414517760,2021-01-06 08:24:21,RT @PresidenKopi: 41 Maling... https://t.co/vUQpF2BClE,356,None,358,312,0.0,0.0
üè¥Intan Payong,2674571503,2021-01-06 08:23:48,RT @PresidenKopi: 41 Maling... https://t.co/vUQpF2BClE,356,None,2816,2686,0.0,0.0
Pagi,1247458971536916483,2021-01-06 08:22:55,RT @PresidenKopi: 41 Maling... https://t.co/vUQpF2BClE,356,None,516,723,0.0,0.0
Yusuf.,405303973,2021-01-06 08:21:56,RT @PresidenKopi: 41 Maling... https://t.co/vUQpF2BClE,356,None,342,538,0.0,0.0
oeday abdullah,100813703,2021-01-06 08:19:25,RT @PresidenKopi: 41 Maling... https://t.co/vUQpF2BClE,356,None,244,296,0.0,0.0
G3LiTik,154785217,2021-01-06 08:17:44,RT @PresidenKopi: 41 Maling... https://t.co/vUQpF2BClE,356,None,920,962,0.0,0.0
Regil Rasid,1272571344857608194,2021-01-06 08:15:59,RT @PresidenKopi: 41 Maling... https://t.co/vUQpF2BClE,356,None,1672,1622,0.0,0.0
ALVARO ALVARO,853302626116542464,2021-01-06 08:15:05,RT @PresidenKopi: 41 Maling... https://t.co/vUQpF2BClE,356,None,1000,1207,0.0,0.0
P' we,1732140188,2021-01-06 08:14:57,RT @PresidenKopi: 41 Maling... https://t.co/vUQpF2BClE,356,None,934,434,0.0,0.0
Peter Lloyd-Sherlock,2313846187,2021-01-06 08:12:47,RT @peterls1605: Thanks. Director of Indonesia Vaccine Prog just restated this ageist policy today https://t.co/KzvJYma6Ch,0,None,1486,3886,0.2,0.2
Rahmatix,386914403,2021-01-06 08:12:45,RT @PresidenKopi: 41 Maling... https://t.co/vUQpF2BClE,356,None,257,630,0.0,0.0
Peter Lloyd-Sherlock,2313846187,2021-01-06 08:12:22,"RT @peterls1605: Indonesian Min of Health sets out 7 priority groups for COVID-19 vaccine. None refer to people aged 60+. ""Luckily"", 
Presi...",2,None,1486,3886,0.11666666666666665,0.6166666666666667
Peter Lloyd-Sherlock,2313846187,2021-01-06 08:12:14,RT @peterls1605: 5 January. Head of Indonesia Vaccine Task Force: we will NOT vaccinate people aged 60+.  https://t.co/KzvJYma6Ch,1,None,1486,3886,-0.1,0.4
CR8 üè¥,224623436,2021-01-06 08:10:34,RT @PresidenKopi: 41 Maling... https://t.co/vUQpF2BClE,356,None,557,194,0.0,0.0
Front Persatuan Islam,1001747826513141760,2021-01-06 08:09:26,RT @PresidenKopi: 41 Maling... https://t.co/vUQpF2BClE,356,None,311,273,0.0,0.0
Andi Mustofa,207169671,2021-01-06 08:08:43,RT @PresidenKopi: 41 Maling... https://t.co/vUQpF2BClE,356,None,200,244,0.0,0.0
M. Wildan,294526254,2021-01-06 08:02:32,RT @galihholic_23: @catuaries Fans jokowi fans risma fans anies .. holy trinity ini mah,8,None,520,401,0.0,0.0
Amirulandmama,1341655590704058373,2021-01-06 08:01:42,@Indianandabori1 @HKrassenstein @realDonaldTrump @nytimes @FoxNews @MohamedBinZayed @jokowi @mohmahfudmd @RTErdogan... https://t.co/9f7v05ZAoD,0,None,0,1,0.0,0.0
Oby_Newbie,733349770392047616,2021-01-06 08:01:41,@honanoh88 @jokowi Epic ,0,None,454,706,0.1,0.4
SemuaOrangAdlhGuruku,1241686603929538561,2021-01-06 08:00:35,@risyandesrani @Toperendusara1 @jokowi Google street view pst d blur,0,None,105,282,0.0,0.0
Dindun,131402347,2021-01-06 07:57:51,RT @PresidenKopi: 41 Maling... https://t.co/vUQpF2BClE,356,None,205,1402,0.0,0.0
coldPlay,745490027665207296,2021-01-06 07:56:55,RT @PresidenKopi: 41 Maling... https://t.co/vUQpF2BClE,356,None,71,1021,0.0,0.0
kriyip,101695974,2021-01-06 07:56:51,RT @PresidenKopi: 41 Maling... https://t.co/vUQpF2BClE,356,None,1271,1074,0.0,0.0
Splainer,1250694590694256640,2021-01-06 07:56:50,"#QuoteofTheDay 

Read more in today's splainer: https://t.co/LHqY3Focz8

@JokoWi

#covid #vaccine #JokoWidodo... https://t.co/yMwwn0Hk2t",0,QuoteofTheDay,1259,1,0.5,0.5
_REVOLUSI AKHLAK_,789658466377883648,2021-01-06 07:56:34,RT @PresidenKopi: 41 Maling... https://t.co/vUQpF2BClE,356,None,1635,331,0.0,0.0
Ikhtiar_jaga_akal_sehat,1209037858087944193,2021-01-06 07:54:49,RT @PresidenKopi: 41 Maling... https://t.co/vUQpF2BClE,356,None,753,774,0.0,0.0
Susanto,1158700899558031360,2021-01-06 07:54:38,RT @PresidenKopi: 41 Maling... https://t.co/vUQpF2BClE,356,None,676,737,0.0,0.0
TukangAngonBebek,3007267236,2021-01-06 07:54:25,RT @PresidenKopi: 41 Maling... https://t.co/vUQpF2BClE,356,None,483,846,0.0,0.0
kopassos@353MK4,1103141424361422848,2021-01-06 07:54:08,RT @PresidenKopi: 41 Maling... https://t.co/vUQpF2BClE,356,None,1745,820,0.0,0.0
Rd.RONGGO,968320969805774848,2021-01-06 07:51:20,@SeruniPuspaAlam @gabus_mendut @gjxx41 @Maria_Zadina @jokowi ..just the way l am... https://t.co/xcJUpNJDRq,0,None,221,526,0.0,0.0
marto,976472787337428993,2021-01-06 07:49:45,RT @galihholic_23: @catuaries Fans jokowi fans risma fans anies .. holy trinity ini mah,8,None,129,177,0.0,0.0
Nama : Dyah ‚ò™,97855630,2021-01-06 07:48:15,RT @PresidenKopi: 41 Maling... https://t.co/vUQpF2BClE,356,None,3518,542,0.0,0.0
Risma Damayanti,1346419745935921152,2021-01-06 07:48:07,@jokowi Lockdown pak! https://t.co/0C2c0p0IaK,0,None,38,44,0.0,0.0
Amirulandmama,1341655590704058373,2021-01-06 07:44:51,@Indianandabori1 @HKrassenstein @realDonaldTrump @nytimes @FoxNews @MohamedBinZayed @jokowi @mohmahfudmd @RTErdogan... https://t.co/mcDtE70rT3,0,None,0,1,0.0,0.0
Sinauwaras,965772640395735040,2021-01-06 07:42:48,"@SeruniPuspaAlam @gjxx41 @Maria_Zadina @jokowi Formal,",0,None,6108,6204,0.0,0.0
IM,109812232,2021-01-06 07:42:43,@Toperendusara1 @jokowi Yahh,0,None,478,156,0.0,0.0
Suryo Bumi,373705577,2021-01-06 07:38:41,RT @PresidenKopi: 41 Maling... https://t.co/vUQpF2BClE,356,None,848,1054,0.0,0.0
Everleigh,1289924972329070592,2021-01-06 07:38:06,[obnoxious music] Jokowi https://t.co/02NXBcADLT,0,None,93,190,0.0,0.0
Republik Anti Dungu,132528929,2021-01-06 07:37:29,RT @PresidenKopi: 41 Maling... https://t.co/vUQpF2BClE,356,None,229,380,0.0,0.0
abulfikar,2287329043,2021-01-06 07:37:24,RT @PresidenKopi: 41 Maling... https://t.co/vUQpF2BClE,356,None,420,480,0.0,0.0
Pvncak-Fvng ‰πîÂ≥∞,16083143,2021-01-06 07:36:55,RT @jakpost: Jokowi issues provisions on chemical castration for child rapists #jakpost https://t.co/pARFXmBVAv,3,jakpost,730,473,0.0,0.0
Tato365,1282907335485059073,2021-01-06 07:36:54,"RT @Tato3652: Link daftar : https://t.co/EOH7K09yxY
Whatsapp : +6287819475994

#situspokerterpercaya #instagood #pokeruangasli #travel #mai...",1,situspokerterpercaya,5,42,0.0,0.0
Tato365,1282907335485059073,2021-01-06 07:36:50,"Link daftar : https://t.co/EOH7K09yxY
Whatsapp : +6287819475994

#situspokerterpercaya #instagood #pokeruangasli... https://t.co/EQmeX91X43",1,situspokerterpercaya,5,42,0.0,0.0
T‚Ñπger Shark,1074974051045523456,2021-01-06 07:36:40,@KakekHalal @jokowi Amin,0,None,11459,5494,0.0,0.0
@mellek,2823075990,2021-01-06 07:36:01,RT @PresidenKopi: 41 Maling... https://t.co/vUQpF2BClE,356,None,1020,1543,0.0,0.0
Indonesia in Vancouver,2874203507,2021-01-06 07:34:28,"RT @Kemlu_RI: 41. During his phone call with President Abbas, @jokowi stressed that we have no intentions to open up diplomatic relations w...",21,None,2622,309,0.0,0.5
bang benz,3591256512,2021-01-06 07:32:38,RT @PresidenKopi: 41 Maling... https://t.co/vUQpF2BClE,356,None,356,555,0.0,0.0
Ozzy Miharja,1220437271280676864,2021-01-06 07:32:37,RT @PresidenKopi: 41 Maling... https://t.co/vUQpF2BClE,356,None,240,277,0.0,0.0
INDONESIA,883850911570739201,2021-01-06 07:31:49,RT @PresidenKopi: 41 Maling... https://t.co/vUQpF2BClE,356,None,1286,2040,0.0,0.0
kripikripik,1209595373167099904,2021-01-06 07:30:49,RT @PresidenKopi: 41 Maling... https://t.co/vUQpF2BClE,356,None,585,943,0.0,0.0
Melinda,816537287311773696,2021-01-06 07:30:42,RT @PresidenKopi: 41 Maling... https://t.co/vUQpF2BClE,356,None,1374,889,0.0,0.0
Dilan,2351594589,2021-01-06 07:30:25,RT @PresidenKopi: 41 Maling... https://t.co/vUQpF2BClE,356,None,781,1347,0.0,0.0
SERUNI PUSPA ALAM üáÆüá©,978113148707160064,2021-01-06 07:30:19,@KrisnantoImam @gabus_mendut @gjxx41 @Maria_Zadina @jokowi Always...,0,None,17217,11646,0.0,0.0
emmas,1196599393060655104,2021-01-06 07:29:54,"RT @Kemlu_RI: 41. During his phone call with President Abbas, @jokowi stressed that we have no intentions to open up diplomatic relations w...",21,None,15,18,0.0,0.5
Rd.RONGGO,968320969805774848,2021-01-06 07:29:39,@SeruniPuspaAlam @gabus_mendut @gjxx41 @Maria_Zadina @jokowi .just remind aja uni.. Before you speak make sure that... https://t.co/chjLEwyJal,0,None,221,526,0.5,0.8888888888888888
Benur Lobster ü¶ûü¶êü¶ûüá≤üá®,376542947,2021-01-06 07:28:58,RT @PresidenKopi: 41 Maling... https://t.co/vUQpF2BClE,356,None,1617,1525,0.0,0.0
Melihat Dunia,99956100,2021-01-06 07:26:09,"RT @Kemlu_RI: 41. During his phone call with President Abbas, @jokowi stressed that we have no intentions to open up diplomatic relations w...",21,None,530,497,0.0,0.5
oranGLurus,2723273474,2021-01-06 07:25:11,RT @PresidenKopi: 41 Maling... https://t.co/vUQpF2BClE,356,None,151,118,0.0,0.0
Olivia Rahadi,71755600,2021-01-06 07:24:23,RT @PresidenKopi: 41 Maling... https://t.co/vUQpF2BClE,356,None,318,285,0.0,0.0
Indonesian Embassy Athens,2966131271,2021-01-06 07:24:04,"RT @Kemlu_RI: 41. During his phone call with President Abbas, @jokowi stressed that we have no intentions to open up diplomatic relations w...",21,None,1416,237,0.0,0.5
jeck firdaus,520062978,2021-01-06 07:23:18,RT @PresidenKopi: 41 Maling... https://t.co/vUQpF2BClE,356,None,759,728,0.0,0.0
HERNING,2295576921,2021-01-06 07:23:16,RT @PresidenKopi: 41 Maling... https://t.co/vUQpF2BClE,356,None,538,364,0.0,0.0
üè¥üÖªüÖ∞üÖøüÜÑüÖªüÖ∂üÖ∞üè¥,924645606643003392,2021-01-06 07:22:15,RT @PresidenKopi: 41 Maling... https://t.co/vUQpF2BClE,356,None,2786,2194,0.0,0.0
Kesetiyan 2,1226057352236847106,2021-01-06 07:20:47,RT @PresidenKopi: 41 Maling... https://t.co/vUQpF2BClE,356,None,1164,1172,0.0,0.0
T¬™p√Æ,55469213,2021-01-06 07:20:07,RT @PresidenKopi: 41 Maling... https://t.co/vUQpF2BClE,356,None,210,125,0.0,0.0
Viri Gihantono,1677036468,2021-01-06 07:18:55,RT @PresidenKopi: 41 Maling... https://t.co/vUQpF2BClE,356,None,593,1351,0.0,0.0
KBRI Riyadh,3228182658,2021-01-06 07:18:15,"RT @Kemlu_RI: 41. During his phone call with President Abbas, @jokowi stressed that we have no intentions to open up diplomatic relations w...",21,None,3762,237,0.0,0.5
Farid Rizayana,66583794,2021-01-06 07:18:08,RT @PresidenKopi: 41 Maling... https://t.co/vUQpF2BClE,356,None,237,100,0.0,0.0
max üè¥,2520991232,2021-01-06 07:17:39,RT @PresidenKopi: 41 Maling... https://t.co/vUQpF2BClE,356,None,450,1605,0.0,0.0
Slash_07,1066205946945318912,2021-01-06 07:17:16,RT @PresidenKopi: 41 Maling... https://t.co/vUQpF2BClE,356,None,139,213,0.0,0.0
Fahmie,149009675,2021-01-06 07:16:34,RT @PresidenKopi: 41 Maling... https://t.co/vUQpF2BClE,356,None,116,154,0.0,0.0
cips,261506142,2021-01-06 07:16:21,RT @PresidenKopi: 41 Maling... https://t.co/vUQpF2BClE,356,None,554,442,0.0,0.0
ibham jasin 2,1039047459140325376,2021-01-06 07:15:36,RT @PresidenKopi: 41 Maling... https://t.co/vUQpF2BClE,356,None,767,544,0.0,0.0
Spark Sanüí•,91745687,2021-01-06 07:15:23,RT @PresidenKopi: 41 Maling... https://t.co/vUQpF2BClE,356,None,6317,6898,0.0,0.0
Kami Bersama Rasulullah SAW,156880405,2021-01-06 07:15:15,RT @PresidenKopi: 41 Maling... https://t.co/vUQpF2BClE,356,None,348,228,0.0,0.0
Patrick Wilson,801028968774180866,2021-01-06 07:14:48,RT @PresidenKopi: 41 Maling... https://t.co/vUQpF2BClE,356,None,68,713,0.0,0.0
Husen,44540916,2021-01-06 07:14:16,RT @PresidenKopi: 41 Maling... https://t.co/vUQpF2BClE,356,None,581,685,0.0,0.0
ill1903,74651542,2021-01-06 07:13:00,RT @PresidenKopi: 41 Maling... https://t.co/vUQpF2BClE,356,None,137,370,0.0,0.0
lalaki langit,362185905,2021-01-06 07:11:17,RT @PresidenKopi: 41 Maling... https://t.co/vUQpF2BClE,356,None,512,405,0.0,0.0
Ayo Kita Mulai Persiapkan Diri Hancurkan PKI,2690526768,2021-01-06 07:10:11,RT @PresidenKopi: 41 Maling... https://t.co/vUQpF2BClE,356,None,211,92,0.0,0.0
The Jakarta Post,68577507,2021-01-06 07:08:55,Jokowi issues provisions on chemical castration for child rapists #jakpost https://t.co/pARFXmBVAv,3,jakpost,929809,8,0.0,0.0
Anak Negri,100666432,2021-01-06 07:07:51,RT @PresidenKopi: 41 Maling... https://t.co/vUQpF2BClE,356,None,1424,1426,0.0,0.0
Hendra Kuncoro,836256707391053824,2021-01-06 07:07:51,RT @PresidenKopi: 41 Maling... https://t.co/vUQpF2BClE,356,None,766,1912,0.0,0.0
KJRI Hong Kong,968403125341077504,2021-01-06 07:06:14,"RT @Kemlu_RI: 41. During his phone call with President Abbas, @jokowi stressed that we have no intentions to open up diplomatic relations w...",21,None,497,25,0.0,0.5
FilaAlva ‚¨õ,1098519499488124929,2021-01-06 07:05:58,RT @PresidenKopi: 41 Maling... https://t.co/vUQpF2BClE,356,None,1019,1128,0.0,0.0
janganatur,1266283903867695112,2021-01-06 07:05:15,@rantinggggg @notyourbabybooo @jokowi nice,0,None,4,178,0.6,1.0
Ramon,1173552477397893122,2021-01-06 07:05:01,RT @PresidenKopi: 41 Maling... https://t.co/vUQpF2BClE,356,None,1364,1251,0.0,0.0
muhidin,965037822,2021-01-06 07:04:20,RT @PresidenKopi: 41 Maling... https://t.co/vUQpF2BClE,356,None,445,1220,0.0,0.0
Agnes Christianto,140691364,2021-01-06 07:03:52,RT @PresidenKopi: 41 Maling... https://t.co/vUQpF2BClE,356,None,143,33,0.0,0.0
ùê∏ùìà ùìÄùëúùìÖùíæ ùí∂ùìàùìä,1079655232500510720,2021-01-06 07:03:03,"RT @Kemlu_RI: 41. During his phone call with President Abbas, @jokowi stressed that we have no intentions to open up diplomatic relations w...",21,None,28,159,0.0,0.5
"Indonesian Embassy in Washington DC, USA",395319702,2021-01-06 07:02:43,"RT @Kemlu_RI: 41. During his phone call with President Abbas, @jokowi stressed that we have no intentions to open up diplomatic relations w...",21,None,20429,493,0.0,0.5
JATOSINT,1123556466273570816,2021-01-06 07:01:44,"RT @Kemlu_RI: 41. During his phone call with President Abbas, @jokowi stressed that we have no intentions to open up diplomatic relations w...",21,None,6145,119,0.0,0.5
Yusup Mustopa@numeroUNO,924547065576808449,2021-01-06 07:01:37,RT @PresidenKopi: 41 Maling... https://t.co/vUQpF2BClE,356,None,375,790,0.0,0.0
abdul R,879521748,2021-01-06 07:01:35,RT @PresidenKopi: 41 Maling... https://t.co/vUQpF2BClE,356,None,966,941,0.0,0.0
Delma,1269509657661329408,2021-01-06 07:01:20,RT @PresidenKopi: 41 Maling... https://t.co/vUQpF2BClE,356,None,131,341,0.0,0.0
Echa Sholeha,562567935,2021-01-06 07:00:25,@EnggalPMT @jokowi Waduuuh...,0,None,1653,230,0.0,0.0
Stenly Ricky,1335916162652098561,2021-01-06 06:59:22,RT @PresidenKopi: 41 Maling... https://t.co/vUQpF2BClE,356,None,418,413,0.0,0.0
Siboyang,1046326248195031040,2021-01-06 06:58:57,RT @PresidenKopi: 41 Maling... https://t.co/vUQpF2BClE,356,None,81,305,0.0,0.0
sekurititerminal,3355468392,2021-01-06 06:58:16,@josephinebarn @KakekHalal @jokowi Ho oh,0,None,305,450,0.0,0.0
KBRI MEXICO CITY,3313448790,2021-01-06 06:57:46,"RT @Kemlu_RI: 41. During his phone call with President Abbas, @jokowi stressed that we have no intentions to open up diplomatic relations w...",21,None,1492,169,0.0,0.5
#GatotKoco,384019165,2021-01-06 06:57:40,RT @PresidenKopi: 41 Maling... https://t.co/vUQpF2BClE,356,None,886,2024,0.0,0.0
Indonesian Embassy Nairobi,2603655553,2021-01-06 06:57:18,"RT @Kemlu_RI: 41. During his phone call with President Abbas, @jokowi stressed that we have no intentions to open up diplomatic relations w...",21,None,591,203,0.0,0.5
MoFA Indonesia,160858057,2021-01-06 06:57:07,"41. During his phone call with President Abbas, @jokowi stressed that we have no intentions to open up diplomatic r... https://t.co/BV1odRlx6b",21,None,192829,289,0.0,0.5
Aryaadi,817185976657162241,2021-01-06 06:55:37,RT @PresidenKopi: 41 Maling... https://t.co/vUQpF2BClE,356,None,116,625,0.0,0.0
Harahap Napurpur,1163766122153304065,2021-01-06 06:53:43,RT @PresidenKopi: 41 Maling... https://t.co/vUQpF2BClE,356,None,214,428,0.0,0.0
mohon maaf lahir batin saudara2 ku,766991120,2021-01-06 06:53:41,RT @PresidenKopi: 41 Maling... https://t.co/vUQpF2BClE,356,None,301,559,0.0,0.0
Waras,869775734268547072,2021-01-06 06:52:55,RT @PresidenKopi: 41 Maling... https://t.co/vUQpF2BClE,356,None,540,636,0.0,0.0
INDONESIA BANGKIT üáÆüá©üáÆüá©,1652365195,2021-01-06 06:52:53,RT @PresidenKopi: 41 Maling... https://t.co/vUQpF2BClE,356,None,2500,977,0.0,0.0
Abdul Basyir,1133531451754930177,2021-01-06 06:50:30,RT @PresidenKopi: 41 Maling... https://t.co/vUQpF2BClE,356,None,64,207,0.0,0.0
Zulham Effendi,120683735,2021-01-06 06:49:39,RT @PresidenKopi: 41 Maling... https://t.co/vUQpF2BClE,356,None,254,594,0.0,0.0
ùôÜùôà50,349276378,2021-01-06 06:48:03,RT @PresidenKopi: 41 Maling... https://t.co/vUQpF2BClE,356,None,5760,380,0.0,0.0
È≠îÊ≥ïÈÉ®ÁöÑÂΩ©Ëôπüåà,1285501984888557569,2021-01-06 06:47:28,"RT @China2ASEAN: As announced by Health Minister Budi Gunadi Sadikin, #Indonesia will begin its nationwide #COVID19 #vaccination on January...",5,Indonesia,239,121,0.0,0.0
Akhirjaman78,1339002877478461440,2021-01-06 06:47:14,RT @PresidenKopi: 41 Maling... https://t.co/vUQpF2BClE,356,None,222,663,0.0,0.0
The mark,1045812690914955265,2021-01-06 06:45:12,RT @PresidenKopi: 41 Maling... https://t.co/vUQpF2BClE,356,None,164,250,0.0,0.0
Andreatoscano,1332551020627431429,2021-01-06 06:44:35,@jokowi Amazing @jokowi,0,None,70,66,0.6000000000000001,0.9
MJoeJoef2,1275275607836770304,2021-01-06 06:44:02,RT @PresidenKopi: 41 Maling... https://t.co/vUQpF2BClE,356,None,623,592,0.0,0.0
Nurhayati,1275046819009949696,2021-01-06 06:42:41,RT @PresidenKopi: 41 Maling... https://t.co/vUQpF2BClE,356,None,173,279,0.0,0.0
tsintzira claudine,880776708852510723,2021-01-06 06:42:04,"RT @MaryJoe38642126: .@jokowi .@Pak_JK .@pramonoanung .@setkabgoid .@Kemlu_RI

PLS #OUTLAW THE #EXPORTATION #PRODUCTION Of

#KopiLuwak/#Civ...",68,OUTLAW,44,28,0.0,0.0
acon,1108364257844838400,2021-01-06 06:42:03,RT @PresidenKopi: 41 Maling... https://t.co/vUQpF2BClE,356,None,5508,5559,0.0,0.0
Hatta Khilafah,1245515475875815425,2021-01-06 06:41:21,RT @PresidenKopi: 41 Maling... https://t.co/vUQpF2BClE,356,None,421,985,0.0,0.0
InvestASEAN,1069821707970502656,2021-01-06 06:39:44,"RT @China2ASEAN: As announced by Health Minister Budi Gunadi Sadikin, #Indonesia will begin its nationwide #COVID19 #vaccination on January...",5,Indonesia,622,237,0.0,0.0
Firmansyah,1329023900,2021-01-06 06:38:52,RT @PresidenKopi: 41 Maling... https://t.co/vUQpF2BClE,356,None,520,1266,0.0,0.0
Lacone,3445761432,2021-01-06 06:35:41,RT @PresidenKopi: 41 Maling... https://t.co/vUQpF2BClE,356,None,546,806,0.0,0.0
dabenone,1219933015855382529,2021-01-06 06:35:29,RT @PresidenKopi: 41 Maling... https://t.co/vUQpF2BClE,356,None,389,1867,0.0,0.0
Tyang AlitüëâTetapAssalamualaikum,969853202785955840,2021-01-06 06:34:20,RT @PresidenKopi: 41 Maling... https://t.co/vUQpF2BClE,356,None,511,1092,0.0,0.0
Chutintorn Sam Gongsakdi,892322911423414274,2021-01-06 06:33:02,"Indonesian President set to get vaccinated against COVID-19 on Jan. 13, kicking off country's inoculation program.... https://t.co/p32I6Cfsgv",0,None,5739,511,0.0,0.0
Menuju #ADILMAKMUR #INDONESIAMENANG,1009294308761931776,2021-01-06 06:32:04,RT @PresidenKopi: 41 Maling... https://t.co/vUQpF2BClE,356,None,12949,3304,0.0,0.0
üíó‚ö°Ô∏è,197415969,2021-01-06 06:31:41,but seriously tho how mean and dumb can you be to purchase a literal wildlife animal  also sign here https://t.co/FikjLEppQK,0,None,765,393,-0.34027777777777773,0.6180555555555555
El Camino,884323137751404544,2021-01-06 06:30:22,@KompasTV @jokowi What's???investasi???,0,None,76,1283,0.0,0.0
Nurhadi Kuswanto,746464140256935936,2021-01-06 06:28:38,RT @PresidenKopi: 41 Maling... https://t.co/vUQpF2BClE,356,None,412,413,0.0,0.0
MSB Rendusara,1259895917882171397,2021-01-06 06:28:37,@KetumProDEM @jokowi @DPR_RI Boy Rafly Amar dong!,0,None,127,219,0.0,0.0
Swarnadwipa,1275772337187504128,2021-01-06 06:28:21,RT @PresidenKopi: 41 Maling... https://t.co/vUQpF2BClE,356,None,170,291,0.0,0.0
Din03,1226645339442008064,2021-01-06 06:25:25,RT @PresidenKopi: 41 Maling... https://t.co/vUQpF2BClE,356,None,522,688,0.0,0.0
Pasukan dewa langit,1107895894131662849,2021-01-06 06:24:32,RT @PresidenKopi: 41 Maling... https://t.co/vUQpF2BClE,356,None,1679,2235,0.0,0.0
powell,1313031130375831552,2021-01-06 06:23:38,RT @PresidenKopi: 41 Maling... https://t.co/vUQpF2BClE,356,None,261,641,0.0,0.0
Mang Ucuy,2305101589,2021-01-06 06:22:46,RT @PresidenKopi: 41 Maling... https://t.co/vUQpF2BClE,356,None,627,352,0.0,0.0
ANGGARA MU,2961844676,2021-01-06 06:22:18,RT @PresidenKopi: 41 Maling... https://t.co/vUQpF2BClE,356,None,949,1195,0.0,0.0
Oda Nobunaga,1056981334147514368,2021-01-06 06:21:06,RT @PresidenKopi: 41 Maling... https://t.co/vUQpF2BClE,356,None,2818,2842,0.0,0.0
Fauzi21,1214118428501405702,2021-01-06 06:18:10,"@dr_koko28 @EnggalPMT @raymanfish @jokowi Sadis,..he",0,None,15,118,0.0,0.0
jokowimega,2943222098,2021-01-06 06:15:44,CoinAwesome is one-click tipping ANY website. I love it.  #giveaway  AaAkKSDKwcnbd5YJakKYEENRbcq5XXCCGR,0,giveaway,4,14,0.5,0.6
Annisa,1096400667827040256,2021-01-06 06:14:41,RT @PresidenKopi: 41 Maling... https://t.co/vUQpF2BClE,356,None,1144,1501,0.0,0.0
üè¥Pak Timbulüè¥,1314201970844950529,2021-01-06 06:11:29,RT @PresidenKopi: 41 Maling... https://t.co/vUQpF2BClE,356,None,444,776,0.0,0.0
jokopress,2943163920,2021-01-06 06:10:44,CoinAwesome is one-click tipping ANY website. I love it.  #giveaway AdzrdP6hqXuPt2djnVWx7QzwAjyjSCRAYA,0,giveaway,12,9,0.5,0.6
Oemar Ali,1338007520078532608,2021-01-06 06:09:19,RT @PresidenKopi: 41 Maling... https://t.co/vUQpF2BClE,356,None,113,135,0.0,0.0
PejalanSunyi,424146544,2021-01-06 06:09:11,RT @PresidenKopi: 41 Maling... https://t.co/vUQpF2BClE,356,None,1055,1173,0.0,0.0
Semboyan Yang Rapuh,1259869712160194560,2021-01-06 06:08:41,RT @PresidenKopi: 41 Maling... https://t.co/vUQpF2BClE,356,None,520,1034,0.0,0.0
Adi,1088835104,2021-01-06 06:05:54,RT @PresidenKopi: 41 Maling... https://t.co/vUQpF2BClE,356,None,867,983,0.0,0.0
Karyo Glethek,40159779,2021-01-06 06:05:34,RT @PresidenKopi: 41 Maling... https://t.co/vUQpF2BClE,356,None,598,776,0.0,0.0
Haryono,136543699,2021-01-06 06:05:29,RT @PresidenKopi: 41 Maling... https://t.co/vUQpF2BClE,356,None,47,272,0.0,0.0
@palbapang üè¥ üè¥,1093982536437358592,2021-01-06 06:05:01,RT @PresidenKopi: 41 Maling... https://t.co/vUQpF2BClE,356,None,1421,1448,0.0,0.0
GemahRipahLohJinawi?,80082681,2021-01-06 06:00:15,RT @PresidenKopi: 41 Maling... https://t.co/vUQpF2BClE,356,None,1209,700,0.0,0.0
Ozzie HerbaL,273413182,2021-01-06 05:59:10,RT @PresidenKopi: 41 Maling... https://t.co/vUQpF2BClE,356,None,129,278,0.0,0.0
demokrasiambyar,1344527646877655040,2021-01-06 05:58:14,RT @PresidenKopi: 41 Maling... https://t.co/vUQpF2BClE,356,None,1414,217,0.0,0.0
Illiyyin_akbar,1037996221502124033,2021-01-06 05:58:12,RT @SecPompeo: Successful day in Jakarta hallmarked with a momentous speech on religious pluralism to @nahdlatululama and great talks with...,417,None,9,66,0.5166666666666667,0.65
Illiyyin_akbar,1037996221502124033,2021-01-06 05:57:39,RT @SecPompeo: Successful meeting with President Joko Widodo in Bogor. Thanks to President @jokowi for his leadership in promoting a prospe...,517,None,9,66,0.475,0.575
Andri,1295550812517670912,2021-01-06 05:56:56,RT @PresidenKopi: 41 Maling... https://t.co/vUQpF2BClE,356,None,128,168,0.0,0.0
‚úåTukangRT‚úå,947782642463752193,2021-01-06 05:56:42,RT @PresidenKopi: 41 Maling... https://t.co/vUQpF2BClE,356,None,144,75,0.0,0.0
Fivex,1295236235267514368,2021-01-06 05:56:29,RT @PresidenKopi: 41 Maling... https://t.co/vUQpF2BClE,356,None,268,325,0.0,0.0
Negri Seterah,1266582025449824257,2021-01-06 05:55:22,RT @PresidenKopi: 41 Maling... https://t.co/vUQpF2BClE,356,None,34624,109,0.0,0.0
is_pelssy,2412572689,2021-01-06 05:54:52,RT @PresidenKopi: 41 Maling... https://t.co/vUQpF2BClE,356,None,13724,6824,0.0,0.0
Presiden Kopi.,1021329195329179648,2021-01-06 05:53:47,41 Maling... https://t.co/vUQpF2BClE,356,None,22422,6279,0.0,0.0
Ambassador Deng Xijun,1219214266521096193,2021-01-06 05:50:57,"As announced by Health Minister Budi Gunadi Sadikin, #Indonesia will begin its nationwide #COVID19 #vaccination on... https://t.co/rTLmSuOD7D",5,Indonesia,22765,341,0.0,0.0
Tindak Tegas Para Perusuh Bangsa .,799108167170949121,2021-01-06 05:46:59,@KakekHalal @jokowi Amin,0,None,9741,7340,0.0,0.0
/b…ôÀàliÀêzi…ôn/,4167775273,2021-01-06 05:46:21,RT @dianne_bromley: .@jokowi The WORLD is watching the destruction of your rain-forests &amp; wildlife for #KillerPalm oil plantations with HOR...,100,KillerPalm,157,211,0.0,0.0
/b…ôÀàliÀêzi…ôn/,4167775273,2021-01-06 05:46:13,RT @dianne_bromley: https://t.co/GXAyFQQvfg @Jokowi Why do you allow Ecological DISASTER &amp; Poverty? #KillerPalm https://t.co/pvyY8Xeq3b,102,KillerPalm,157,211,0.4,0.6
◊ô◊ï◊°◊£,275793550,2021-01-06 05:37:45,RT @thofafor: Prohibit the Use of Wind Weapons in Indonesia! Plz sign: https://t.co/RMpQDtU7cq,32,None,5371,4264,0.0,0.0
◊ô◊ï◊°◊£,275793550,2021-01-06 05:37:42,RT @thofafor: Prohibit the Use of Wind Weapons in Indonesia! Plz sign: https://t.co/RMpQDtU7cq,28,None,5371,4264,0.0,0.0
Ivan Siregar,225282204,2021-01-06 05:34:39,@Toperendusara1 @panca66 @jokowi Caasss,0,None,1005,363,0.0,0.0
rose lane,22095149,2021-01-06 05:32:48,"RT @peterls1605: Indonesia to prioritise civil servants, religious leaders and ""the economically active"" for COVID-19 vaccine. People aged...",3,None,505,645,-0.07777777777777778,0.4166666666666667
Renee ANTARESH¬Æ,975389335775199232,2021-01-06 05:28:30,RT @Awaludi21034251: @_antaresh @jokowi Clear &amp; clean,1,None,11927,10270,0.23333333333333336,0.5416666666666667
Mentari Ngalam üè¥,1116240407065579520,2021-01-06 05:27:25,@EnggalPMT @jokowi Whoooeeeeyyy ,0,None,4309,4575,0.0,0.0
Qq,4807874951,2021-01-06 05:24:48,"perhaps transparent public info could help counteract public anxiety, rather than useless disputations pak @jokowi... https://t.co/7AiJdfAo8X",0,None,62,81,-0.16666666666666666,0.11111111111111112
‚õÑüéÑNATALIE CHRISTIENüéÑüáÆüá©üá¶üá∫(( bibi Lung)),1198737345270317056,2021-01-06 05:24:43,@emiralisal @jokowi Amin,0,None,15083,14523,0.0,0.0
‚õÑüéÑNATALIE CHRISTIENüéÑüáÆüá©üá¶üá∫(( bibi Lung)),1198737345270317056,2021-01-06 05:24:37,@erwinsyahbudi @jokowi Amin,0,None,15083,14523,0.0,0.0
‚õÑüéÑNATALIE CHRISTIENüéÑüáÆüá©üá¶üá∫(( bibi Lung)),1198737345270317056,2021-01-06 05:24:14,@Leo_Lefri @jokowi Amin,0,None,15083,14523,0.0,0.0
‚õÑüéÑNATALIE CHRISTIENüéÑüáÆüá©üá¶üá∫(( bibi Lung)),1198737345270317056,2021-01-06 05:23:59,@JayaArifin2 @jokowi Betul,0,None,15083,14523,0.0,0.0
‚õÑüéÑNATALIE CHRISTIENüéÑüáÆüá©üá¶üá∫(( bibi Lung)),1198737345270317056,2021-01-06 05:23:34,@sae_mas @jokowi Amin,0,None,15083,14523,0.0,0.0
‚õÑüéÑNATALIE CHRISTIENüéÑüáÆüá©üá¶üá∫(( bibi Lung)),1198737345270317056,2021-01-06 05:22:45,@Soezoelas67 @jokowi @DivHumas_Polri Amin,0,None,15083,14523,0.0,0.0
‚õÑüéÑNATALIE CHRISTIENüéÑüáÆüá©üá¶üá∫(( bibi Lung)),1198737345270317056,2021-01-06 05:22:15,@iwan_75075 @jokowi Amin,0,None,15083,14523,0.0,0.0
Dudung Bukan Boboho,1215582144153583617,2021-01-06 05:18:39,@EnggalPMT @jokowi Sadis ,0,None,1080,1321,0.0,0.0
LTCcovid,1241293879636303873,2021-01-06 05:16:21,"RT @peterls1605: Indonesia to prioritise civil servants, religious leaders and ""the economically active"" for COVID-19 vaccine. People aged...",3,None,1806,1043,-0.07777777777777778,0.4166666666666667
Rachma,1310173919886757888,2021-01-06 05:12:11,@AlCatrazorinokw @Tonga_Nixon @jokowi Amin,0,None,2167,2038,0.0,0.0
EJI,1333177478395744257,2021-01-06 05:07:58,RT @PapuaWeb: Indonesian intelligence have kidnapped a West Papuan activists attached with KNPB. Mr Naftall Tipagau was kidnapped on 04/01/...,16,None,0,1,0.0,0.0
Soma,1282230372344885249,2021-01-06 05:04:42,"RT @sociotalker: hmmm.... you show a leadership but in a wrong way. 

anyway, good luck....

https://t.co/GKZPs4gzsI",67,None,4,233,0.09999999999999998,0.75
Sate Kambing Tong-Tong,1054634903449460736,2021-01-06 05:00:06,@Toperendusara1 @jokowi Amazing,0,None,3756,1506,0.6000000000000001,0.9
Kakek Satire üòé,821859629034409985,2021-01-06 04:52:26,@Alfian54449262 @jokowi Amin,0,None,34013,3424,0.0,0.0
Zevi,494726722,2021-01-06 04:46:40,RT @galihholic_23: @catuaries Fans jokowi fans risma fans anies .. holy trinity ini mah,8,None,51,236,0.0,0.0
#Bai'Rote,773144754267693057,2021-01-06 04:46:30,Jokowi scheduled to receive Sinovac's COVID-19 vaccine on Jan 13 - ANTARA News https://t.co/jcZRE9z85f,1,None,12157,5248,0.0,0.0
Yuura_nett,1343843524769280001,2021-01-06 04:38:41,@Walang_sangitt @jokowi Indonesian can be raise up,0,None,71,77,0.0,0.0
Tessie Chua,586187581,2021-01-06 04:38:05,RT @qa_angus: @MaryJoe38642126 @jokowi @Pak_JK @pramonoanung @setkabgoid @Kemlu_RI The most expensive #coffee in the #world is made from #f...,21,coffee,15452,14906,0.0,0.6
Tessie Chua,586187581,2021-01-06 04:38:00,"RT @MaryJoe38642126: .@jokowi .@Pak_JK .@pramonoanung .@setkabgoid .@Kemlu_RI

PLS #OUTLAW THE #EXPORTATION #PRODUCTION Of

#KopiLuwak/#Civ...",68,OUTLAW,15452,14906,0.0,0.0
Han Toso,1346060421988421633,2021-01-06 04:36:11,@jokowi Amin,0,None,0,23,0.0,0.0
Lawrie,1241893742249795585,2021-01-06 04:36:03,@CNNIndonesia @Andy_Wijaya_90 https://t.co/ONc6jds0di @jokowi @Indonesia are CRIMINALS,0,None,757,3168,0.0,0.0
‚òòÔ∏èüå¥üçÅüçÇüåªLanggokoAbahüåµüéãüåæüå≥,1207179147321044993,2021-01-06 04:33:51,@EnggalPMT @jokowi Happy birthday bro enggal,0,None,187,176,0.8,1.0
takeitaway32,1151548284,2021-01-06 04:31:48,Papua's Development is still Presiden Jokowi's main focus #OtsusBerjalanBaik https://t.co/kBkbLlHjt9,0,OtsusBerjalanBaik,1,1,0.16666666666666666,0.3333333333333333
Robby Lawalata,1148786460067188739,2021-01-06 04:30:17,@KakekHalal @jokowi Amin..,0,None,38,175,0.0,0.0
Ruslan Andy Chandra,47932498,2021-01-06 04:29:02,"My visit Aceh  2021.
Promotions @googlemaps  @Google_IDN 
CC:
@jokowi 
@sandiuno 
@Kemenparekraf 
@niriansyah... https://t.co/1XBdBhFyrS",0,None,950,3010,0.0,0.0
Fe Camila Azupardo,985710177079840768,2021-01-06 04:23:37,RT @qa_angus: @MaryJoe38642126 @jokowi @Pak_JK @pramonoanung @setkabgoid @Kemlu_RI The most expensive #coffee in the #world is made from #f...,21,coffee,233,258,0.0,0.6
Fe Camila Azupardo,985710177079840768,2021-01-06 04:23:25,"RT @MaryJoe38642126: .@jokowi .@Pak_JK .@pramonoanung .@setkabgoid .@Kemlu_RI

PLS #OUTLAW THE #EXPORTATION #PRODUCTION Of

#KopiLuwak/#Civ...",68,OUTLAW,233,258,0.0,0.0
Bsagu,139640253,2021-01-06 04:21:56,@KakekHalal @jokowi Amin,0,None,157,667,0.0,0.0
SR Asia Indonesia (Social Responsibility),3241940232,2021-01-06 04:18:01,"6/ @Jokowi stated, ""In this pandemic, we must move quickly, and strengthen our #cooperation and synergy. I am optim... https://t.co/MY5vKGxpfL",0,cooperation,118,546,0.3333333333333333,0.5
SR Asia Indonesia (Social Responsibility),3241940232,2021-01-06 04:18:00,3/ Jokowi emphasized that SWF will be a new source in funding Indonesian #development that is not only based on loa... https://t.co/dBRYsq3Q2b,0,development,118,546,0.06818181818181818,0.7272727272727273
SR Asia Indonesia (Social Responsibility),3241940232,2021-01-06 04:17:59,"2/ During his speech at the opening of #Indonesia Economy Outlook 2021, @Jokowi announced that Sovereign Wealth Fun... https://t.co/avUpJHPWnC",0,Indonesia,118,546,0.3,0.2
SR Asia Indonesia (Social Responsibility),3241940232,2021-01-06 04:17:59,1/ Jokowi: Sovereign Wealth Fund (SWF) Indonesia to launch in January 2021 https://t.co/xflQ4EsRJg,0,None,118,546,0.0,0.0
Awaludin,1313882214841479173,2021-01-06 04:16:12,@_antaresh @jokowi Clear &amp; clean,1,None,50,126,0.23333333333333336,0.5416666666666667
Do Kepa,1104341798825033728,2021-01-06 04:14:16,@KakekHalal @jokowi Amin,0,None,2803,4236,0.0,0.0
„Ö§ „Ö§,31576760,2021-01-06 04:13:18,RT @galihholic_23: @catuaries Fans jokowi fans risma fans anies .. holy trinity ini mah,8,None,639,333,0.0,0.0
üÜñüÜé‚ùï,36551612,2021-01-06 04:11:14,RT @galihholic_23: @catuaries Fans jokowi fans risma fans anies .. holy trinity ini mah,8,None,12767,1404,0.0,0.0
dirumahaja,252604385,2021-01-06 04:10:49,@catuaries Fans jokowi fans risma fans anies .. holy trinity ini mah,8,None,1006,1658,0.0,0.0
Agung Irwanto,1314766131303903233,2021-01-06 04:04:05,@EnggalPMT @jokowi Buseet dah,0,None,16,168,0.0,0.0
yudianto yudi,3034207700,2021-01-06 03:39:42,@_antaresh @jokowi Laper,0,None,7816,7096,0.0,0.0
nanti balik lagi,1325397668999278593,2021-01-06 03:22:38,@mbah_mijan @jokowi Laughing through the pain ,0,None,22,105,0.0,0.0
üõ¥,478377296,2021-01-06 03:16:54,good morning aynk @jokowi  https://t.co/0Blqb5c5Uv,0,None,629,180,0.7,0.6000000000000001
bosedii3,1233342664478806018,2021-01-06 03:16:30,@nti_dasterputih @jokowi Kiss my asss Jokower Ahoker ,0,None,34,445,0.0,0.0
Emka I M Kamil,803994342545199104,2021-01-06 03:16:06,@jokowi Like and subreker....,0,None,40,75,0.0,0.0
kewl.,1304696610392141825,2021-01-06 03:09:17,@NFYPrtma @mbah_mijan @jokowi I'm deaddd ,0,None,4,80,0.0,0.0
Don Sandalista,470042675,2021-01-06 02:59:56,"@Rakha_boumi @septian @jokowi 

Side job : peramal",0,None,400,910,0.0,0.0
AprilLagiAza,1187564666496487424,2021-01-06 02:54:48,@4ntonius_ @jokowi Amin,0,None,1557,1946,0.0,0.0
gem,81362975,2021-01-06 02:45:08,"https://t.co/HRqcWkz3im trs denger statement gini makin pusing, cant stand this kind of wishful thinking / forced positivity",0,None,282,601,0.14999999999999997,0.55
Mrs.Baliho,502987255,2021-01-06 02:37:59,@PretiWn @FerdinandHaean3 @AliNgabalinNew @edo751945 @jokowi Amin,0,None,2636,1486,0.0,0.0
BUDI,140060069,2021-01-06 02:37:03,RT @RonaldLampard8: @sicepot_ @jokowi Proud of you mr. President  https://t.co/9FXkUR7wAT,1,None,6448,6329,0.8,1.0
‚Ç£‚±§‚Ç≥‚Ç¶‚Ç≠,2384696084,2021-01-06 02:35:40,@sicepot_ @jokowi Proud of you mr. President  https://t.co/9FXkUR7wAT,1,None,5589,3433,0.8,1.0
jhonny beep2 üáÆüá©,1322542259191963649,2021-01-06 02:21:51,@SeruniPuspaAlam @jokowi Thank u very much  atas melet nya https://t.co/8WqQVspUSO,0,None,2382,3508,0.26,0.26
LAüáÆüá©,1279643013455605760,2021-01-06 02:15:57,"@BungkusTukang @jokowi Ho oh say,,",0,None,2642,1242,0.0,0.0
Ahmad Thohir,2576112842,2021-01-06 02:01:04,"I just saw Membanding Gaji Pendamping Desa dan DPR-RI - Click to see also   https://t.co/9FlkiIgPPW
@jokowi 
@DPR_RI 
@KemenkeuRI",1,None,131,194,0.0,0.0
aya,1242859411204276229,2021-01-06 01:53:40,"RT @sociotalker: hmmm.... you show a leadership but in a wrong way. 

anyway, good luck....

https://t.co/GKZPs4gzsI",67,None,41,85,0.09999999999999998,0.75
Joel Covid,919839210676174848,2021-01-06 01:51:27,@kompascom The next Jokowi.,0,None,29,258,0.0,0.0
Johannes Wirawan,26034209,2021-01-06 01:50:02,"Indonesia to Start Vaccinations on Jan. 13 With Jokowi First By Arys Aditya

Jokowi and army representatives will b... https://t.co/Z5Ctlajy29",0,None,399,985,0.25,0.3333333333333333
im not tilted :-),132125604,2021-01-06 01:40:44,Thanks jokowi,0,None,393,515,0.2,0.2
Helinu Jhoe,3995960960,2021-01-06 01:34:41,@GarengHallu @Gombes85133170 @jokowi Amin,0,None,4040,4332,0.0,0.0
comrade lip,1231514161563103232,2021-01-06 01:29:03,jokowi apologists more and more move like taylor swift stans these days,0,None,42,94,0.5,0.5
Mamiennie,1159730916354220032,2021-01-06 01:20:30,RT @Ngebutmaut: @lwavesurfer13 @FaheemYounus I think Mr. @jokowi lying to us (Indonesian people) since he became President of Indonesia (or...,4,None,126,155,0.0,0.0
‚õÑüéÑNATALIE CHRISTIENüéÑüáÆüá©üá¶üá∫(( bibi Lung)),1198737345270317056,2021-01-06 01:17:24,@TeddyWoga @jokowi Yups,0,None,15083,14523,0.0,0.0
DonDiRumahAja,14168973,2021-01-06 00:51:39,@tsetiady Jokowi making it too easy,0,None,26811,2092,0.43333333333333335,0.8333333333333334
Pennywise the dancing clown,164575073,2021-01-06 00:23:28,No use to tell @jokowi about it https://t.co/kC6OvtdcO3,0,None,591,994,0.0,0.0
Radio Far Side,1123796598,2021-01-06 00:13:44,"#Indonesia president #Jokowi says he will get the #Sinovac #FauciFlu #Vaccine next week, as soon as he can figure o... https://t.co/tjCUtZoz3l",0,Indonesia,820,719,0.0,0.0
Maria O Donnell,834086533619646464,2021-01-06 00:09:14,"RT @MaryJoe38642126: .@jokowi .@Pak_JK .@pramonoanung .@setkabgoid .@Kemlu_RI

PLS #OUTLAW THE #EXPORTATION #PRODUCTION Of

#KopiLuwak/#Civ...",68,OUTLAW,206,852,0.0,0.0
Moh. Anang Pambudi,899402299184775168,2021-01-05 23:56:35,RT @stanleywidianto: Jokowi will get the first vaccine on January 13. BPOM has yet to issue the emergency use clearance and the government...,19,None,51,71,0.25,0.3333333333333333
Abdullah Fikri Ashri,371487801,2021-01-05 23:50:08,"@FaheemYounus SINCERE LEADERSHIP, CLEAR PUBLIC MESSAGING @jokowi @KemenkesRI",0,None,520,560,0.19999999999999998,0.31666666666666665
senyumbahagia,1213727348568162304,2021-01-05 23:49:26,"@sociotalker Haters will be haters, doubters will be doubters and jokowi will do as he does kerja.. Kerja.. Kerja..... https://t.co/pCSeMJduC4",0,None,93,97,0.0,0.0
D‚Ä¢A‚Ä¢A,2278931605,2021-01-05 23:48:30,@jokowi Amin,0,None,64,106,0.0,0.0
„Öã„Öã,843714165244018688,2021-01-05 23:43:50,"RT @sociotalker: hmmm.... you show a leadership but in a wrong way. 

anyway, good luck....

https://t.co/GKZPs4gzsI",67,None,215,577,0.09999999999999998,0.75
Joshua Eardley,722203055404511232,2021-01-05 23:34:27,"RT @hildabast: Regulator's authorization decision is expected soon, but it's been announced that vaccination with CoronaVac will start on J...",3,None,149,1250,-0.1,0.4
ŸÖÿ≠ŸÖÿØ ŸäŸàÿ≥ÿ≠ŸÇ,314576971,2021-01-05 23:24:14,RT @jakpost: Jokowi orders Risma to speed up aid disbursement #jakpost https://t.co/FoSxT4Rb9n,11,jakpost,154,436,0.0,0.0
IraSoenjotoKaminsky,1378863720,2021-01-05 23:22:39,He's oxygen. @jokowi #jokowi https://t.co/7nYMSxp7Ny,0,jokowi,3808,151,0.0,0.0
Farahüç¶,1272246396,2021-01-05 23:20:57,"RT @sociotalker: hmmm.... you show a leadership but in a wrong way. 

anyway, good luck....

https://t.co/GKZPs4gzsI",67,None,504,626,0.09999999999999998,0.75
Imanuddin Mulya,62059912,2021-01-05 23:20:42,RT @stanleywidianto: Jokowi will get the first vaccine on January 13. BPOM has yet to issue the emergency use clearance and the government...,19,None,87,83,0.25,0.3333333333333333
@üá®üá¶üçÅüá®üá¶ Bird on a Wire,2812369343,2021-01-05 23:18:03,"RT @hildabast: Regulator's authorization decision is expected soon, but it's been announced that vaccination with CoronaVac will start on J...",3,None,769,1040,-0.1,0.4
"Hilda Bastian, PhD",200434844,2021-01-05 23:10:00,"Regulator's authorization decision is expected soon, but it's been announced that vaccination with CoronaVac will s... https://t.co/LZ6q6NeRrD",3,None,15122,786,-0.1,0.4
Zarkasih. Xi,83824228,2021-01-05 22:38:53,RT @jakpost: Jokowi orders Risma to speed up aid disbursement #jakpost https://t.co/FoSxT4Rb9n,11,jakpost,223,496,0.0,0.0
HumanLab Design,266144287,2021-01-05 22:35:43,RT @Ngebutmaut: @lwavesurfer13 @FaheemYounus I think Mr. @jokowi lying to us (Indonesian people) since he became President of Indonesia (or...,4,None,253,1977,0.0,0.0
